company,projectName,location,country,industry,region,type,services,date,completed,description,lat,lng
GAIL India Ltd.,Pipeline Depth Monitoring Survey at Perennial River Crossings under HVJ Pipeline Network,India,India,Oil & Gas,Asia,Pipeline Route Surveys,Offshore Platform Site & Pipeline Route Surveys,15-06-2026,,Hiring of contract for pipeline depth monitoring survey at perennial river crossing locations under HVJ pipeline network.,23.2599,77.4126
GAIL India Ltd.,Pipeline Profile Survey for GAIL Maharashtra NG Pipeline Network,Maharashtra,India,Oil & Gas,Asia,Pipeline Route Surveys,Offshore Platform Site & Pipeline Route Surveys,15-06-2026,,"Hiring of contract services for pipeline profile surveys utilizing Bathymetry, Sub-Bottom Profiler, and Side Scan Sonar for pipeline river crossings across the GAIL Maharashtra Natural Gas (NG) Pipeline Network.",19.7515,75.7139
North Sea Renewables,Pre-construction UXO Gradiometer Survey for Offshore Wind Farm,Dogger Bank,United Kingdom,Power & Renewables,Europe,Gradiometer Surveys for UXO Search,Gradiometer Surveys for UXO Search,01-09-2016,,Pre-construction UXO Gradiometer Survey utilizing magnetic anomaly mapping to identify and clear potential Unexploded Ordnance risks along the designated export cable corridor.,54.75,2.3333
GAIL India Limited,Side Scan Sonar Survey in KG Basin for GAIL,"KG BASIN, andhra pradesh, INDIA",India,Oil & Gas,Asia,Geophysical Survey,Geophysical Survey,01-06-2026,,Side Scan Sonar Survey in KG Basin for GAIL India Limited to ensure the safety and integrity of subsea pipelines.,16.9891,82.2475
E-Marine PJSC,"Hiring of Dive Swim, Topographic & Inshore Survey Services at Barka, Oman","BARKA, OMAN",Oman,Submarine Cable Contractors,Middle East,Topographic AND Inshore Survey,Topographic Survey; Bathymetry Survey,01-11-2025,,"Hiring of Dive Swim, Topographic & Inshore Survey Services at Barka, Oman",23.6781,57.8865
Limited,"Breakwater, Vizhinjam, Kerala Bathymetry Survey","Vizhinjam, Kerala",India,Engineering & Construction,Asia,Bathymetry Survey,Bathymetry Survey,01-09-2025,,"Breakwater, Vizhinjam, Kerala Bathymetry Survey",8.3784,76.9905
EGS Survey Middle East LLC FZ,Hire of Personnel,Singapore,Singapore,Submarine Cable Contractors,Asia,Desktop Study,Desktop Study for Offshore Projects; Submarine Cable Route Surveys,01-08-2025,,Hire of Personnel,1.3521,103.8198
Tridel Meteorology Projects Contracting LLC,Hiring Personnel and Equipment for survey project in Bahrain,Bahrain,Bahrain,Survey & Geoscience Contractors,Middle East,Desktop Study AND Equipment for survey,Desktop Study for Offshore Projects,01-08-2025,,Hiring Personnel and Equipment for survey project in Bahrain,26.0667,50.5577
Ltd.,Inspection of Multibeam System (ELAC 1185 system),Not specified,India,Survey & Geoscience Contractors,Asia,Multibeam System,Bathymetry Survey,01-07-2025,,Inspection of Multibeam System (ELAC 1185 system),19.076,72.8777
The Shipping Corporation of India,Provision of INMARSAT based differential global positioning system for ONGC owned Geotechnical Vessel (GTV) SAMUDRA SARVEKSHAK,survey,India,"Government, Defence & Public Sector",Asia,Wide Area Positioning Services,Wide Area Positioning Services,01-06-2025,,Provision of INMARSAT based differential global positioning system for ONGC owned Geotechnical Vessel (GTV) SAMUDRA SARVEKSHAK,19.076,72.8777
Inland Waterways Authority of India,"various National Waterways (NW-10, NW-28 & NW-53) in Maharashtra",Not specified,India,"Government, Defence & Public Sector",Asia,Hydrographic Surveys,Bathymetry Survey,01-06-2025,,"various National Waterways (NW-10, NW-28 & NW-53) in Maharashtra",19.7515,75.7139
EGS Survey Middle East LLC FZ,Hire of Personnel,Not specified,India,Submarine Cable Contractors,Asia,Desktop Study,Desktop Study for Offshore Projects; Submarine Cable Route Surveys,01-05-2025,,Hire of Personnel,19.076,72.8777
Pvt. Ltd.,Visakhapatnam,Not specified,India,Survey & Geoscience Contractors,Asia,Bathymetry Survey,Bathymetry Survey,01-05-2025,,Visakhapatnam,17.6868,83.2185
Limited,Bathymetry Survey (Jafrabad to Victor Port),Not specified,India,Survey & Geoscience Contractors,Asia,Bathymetry Survey,Bathymetry Survey,01-03-2025,,Bathymetry Survey (Jafrabad to Victor Port),20.87,71.37
Limited,Aftons Infrastructure Bathymetry Survey Work at AMCSWF Project,Not specified,India,Engineering & Construction,Asia,Bathymetry Survey,Bathymetry Survey,01-03-2025,,Aftons Infrastructure Bathymetry Survey Work at AMCSWF Project,19.076,72.8777
Ltd.,Shanker Survey Pvt. Hire of Equipment and Personnel,Not specified,India,Survey & Geoscience Contractors,Asia,Bathymetry Survey (Assam),Bathymetry Survey,01-03-2025,,Shanker Survey Pvt. Hire of Equipment and Personnel,26.2006,92.9376
Ltd. (Assam),Not specified,Not specified,India,Survey & Geoscience Contractors,Asia,Bathymetry Survey (Assam),Bathymetry Survey,01-03-2025,,Not specified,26.2006,92.9376
Ltd.,Shanker Survey Pvt. Hire of Equipment and Personnel,Not specified,India,Survey & Geoscience Contractors,Asia,Bathymetry Survey (Chhara),Bathymetry Survey,01-01-2025,,Shanker Survey Pvt. Hire of Equipment and Personnel,20.78,71.04
Limited,Bathymetry Survey (Victor Port),Not specified,India,Survey & Geoscience Contractors,Asia,Bathymetry Survey Victor Port,Bathymetry Survey,01-12-2024,,Bathymetry Survey (Victor Port),20.9083,71.4556
Hydrographics Navitech (India) Pvt. Ltd.,Hire of Equipment and Personnel,Not specified,India,Survey & Geoscience Contractors,Asia,Desktop Study AND Equipment for survey,Desktop Study for Offshore Projects; Bathymetry Survey,01-11-2024,,Hire of Equipment and Personnel,19.076,72.8777
Ltd.,GeoSwath Provision of Echosounder,Not specified,India,Survey & Geoscience Contractors,Asia,Not specified,Bathymetry Survey,01-11-2024,,GeoSwath Provision of Echosounder,19.076,72.8777
India Pvt. Ltd.,Multibeam Operator / Processor,Not specified,India,Survey & Geoscience Contractors,Asia,Not specified,Bathymetry Survey,01-11-2024,,Multibeam Operator / Processor,19.076,72.8777
Ltd.,Hire of Equipment and Personnel,Not specified,India,Survey & Geoscience Contractors,Asia,Not specified,Bathymetry Survey,01-11-2024,,Hire of Equipment and Personnel,19.076,72.8777
Telecommunications Consultants India Limited,Consultancy partner for DPR preparation on indigenous submarine cable repair facility in India,Not specified,India,Telecom Operators & Cable Owners,Asia,DPR Preparation,DPR Preparation for Offshore Industry,01-08-2024,,Consultancy partner for DPR preparation on indigenous submarine cable repair facility in India,28.6139,77.209
Zenith Survey (1) Pvt. Ltd.,Hire of Equipment and Personnel,Not specified,India,Survey & Geoscience Contractors,Asia,Hire of Equipment AND Geophysical Survey,Geophysical Survey,01-05-2024,,Hire of Equipment and Personnel,19.076,72.8777
AMNS Port Hazira Limited,Magnetometer and Multibeam survey,Not specified,India,"Ports, Shipyards & Harbours",Asia,Bathymetry Survey,Bathymetry Survey,01-05-2024,,Magnetometer and Multibeam survey,21.1,72.7
Geostar Surveys India Pvt. Ltd.,Hire of ADCP and Personnel,Not specified,India,Survey & Geoscience Contractors,Asia,Bathymetry Survey,Bathymetry Survey,01-05-2024,,Hire of ADCP and Personnel,19.076,72.8777
SAExploration Inc-Marine,DGPS and GYRO verification for 3 vessels at Mumbai Port,Mumbai Port,India,Oil & Gas,Asia,Wide Area Positioning Services,Wide Area Positioning Services,01-02-2024,,DGPS and GYRO verification for 3 vessels at Mumbai Port,18.9517,72.9526
The Shipping Corporation of India,Provision of INMARSAT based differential global positioning system for ONGC owned Geotechnical Vessel (GTV) SAMUDRA SARVEKSHAK,Not specified,India,"Government, Defence & Public Sector",Asia,Wide Area Positioning Services,Wide Area Positioning Services,01-01-2024,,Provision of INMARSAT based differential global positioning system for ONGC owned Geotechnical Vessel (GTV) SAMUDRA SARVEKSHAK,19.076,72.8777
EGS (Asia) Limited,Provision of Personnel Support onboard EGS Surveyor (Singapore),Singapore,Singapore,Submarine Cable Contractors,Asia,Submarine Cable Route Surveys,Submarine Cable Route Surveys,01-01-2024,,Provision of Personnel Support onboard EGS Surveyor (Singapore),1.3521,103.8198
Adani Hazira Port Ltd.,"Acoustic Doppler Current Profiler (ADCP), Geophysical (Sub-bottom profiler) Survey & Multibeam Bathymetry survey works at South Gujarat Coast (Bhagod & Nargol)",South Gujarat Coast (Bhagod & Nargol),India,"Ports, Shipyards & Harbours",Asia,Bathymetry Survey,Bathymetry Survey,01-10-2023,,"Acoustic Doppler Current Profiler (ADCP), Geophysical (Sub-bottom profiler) Survey & Multibeam Bathymetry survey works at South Gujarat Coast (Bhagod & Nargol)",20.1989,72.7481
SAExploration Inc-Marine,DGPS and GYRO verification for 3 vessels at Mumbai Port,Mumbai Port,India,Oil & Gas,Asia,Wide Area Positioning Services,Wide Area Positioning Services,01-09-2023,,DGPS and GYRO verification for 3 vessels at Mumbai Port,18.9517,72.9526
Reliance Industries Limited Kakinada,Inspection services for shallow water asset integrity as per SOW for block: KG-DWN-98/3,Not specified,India,Oil & Gas,Asia,Shallow & Deep Water Oceanography,Shallow & Deep Water Oceanography,01-08-2023,,Inspection services for shallow water asset integrity as per SOW for block: KG-DWN-98/3,16.9891,82.2475
National Institute of Ocean Technology,Conducting Bathymetry Survey along the Tamil Nadu Coast,Tamil Nadu Coast,India,Academia & Research,Asia,Bathymetry Survey,Bathymetry Survey,01-07-2023,,Conducting Bathymetry Survey along the Tamil Nadu Coast,10.9416,79.8485
GAIL India Limited,Side scan sonar survey in rivers at pipeline crossings of DBPL pipeline including SPUR lines,Not specified,India,Oil & Gas,Asia,Offshore Platform Site & Pipeline Route Surveys,Offshore Platform Site & Pipeline Route Surveys,01-06-2023,,Side scan sonar survey in rivers at pipeline crossings of DBPL pipeline including SPUR lines,19.076,72.8777
Zenith Survey ( ) Pvt. Ltd.,Hiring of survey equipment and manpower,Not specified,India,Survey & Geoscience Contractors,Asia,Bathymetry Survey,Bathymetry Survey,01-05-2023,,Hiring of survey equipment and manpower,19.076,72.8777
DNOCS Limited,Services for test/trial of multibeam Echosounder - Payra Port Authority,Not specified,India,"Ports, Shipyards & Harbours",Asia,Bathymetry Survey,Bathymetry Survey,01-05-2023,,Services for test/trial of multibeam Echosounder - Payra Port Authority,21.95,90.3
International Seaport Dredging,Provision of Multibeam set with operator,Not specified,India,Engineering & Construction,Asia,Bathymetry Survey,Bathymetry Survey,01-04-2023,,Provision of Multibeam set with operator,19.076,72.8777
EGS (Asia) Limited,Provision of Personnel Support onboard Ocean Invincible for RAMAN Project,RAMAN,India,Submarine Cable Contractors,Asia,Submarine Cable Route Surveys,Submarine Cable Route Surveys,01-04-2023,,Provision of Personnel Support onboard Ocean Invincible for RAMAN Project,19.076,72.8777
Amphibia Consultants Pvt. Ltd.,RAMAN Fiber Optic Cable System,RAMAN,India,Telecom Operators & Cable Owners,Asia,Submarine Cable Route Surveys,Submarine Cable Route Surveys,01-04-2023,,RAMAN Fiber Optic Cable System,19.076,72.8777
SAExploration Inc-Marine,Navigation Calibration of two vessels Nand Sarthi and Parasea,Not specified,India,Oil & Gas,Asia,Bathymetry Survey,Bathymetry Survey,01-03-2023,,Navigation Calibration of two vessels Nand Sarthi and Parasea,19.076,72.8777
Zenith Survey (1) Pvt Ltd.,Not specified,RAMAN,India,Survey & Geoscience Contractors,Asia,Submarine Cable Route Surveys,Submarine Cable Route Surveys,01-03-2023,,Not specified,19.076,72.8777
SAExploration Inc-Marine,Service of Survey Engineer for shallow water hazard survey at Hazira,Not specified,India,Oil & Gas,Asia,Shallow & Deep Water Oceanography,Shallow & Deep Water Oceanography,01-02-2023,,Service of Survey Engineer for shallow water hazard survey at Hazira,21.1,72.7
EGS (Asia) Limited,Provision of Personnel Support onboard Ocean Invincible (KSA),Not specified,Saudi Arabia,Submarine Cable Contractors,Middle East,Bathymetry Survey,Bathymetry Survey; Submarine Cable Route Surveys,01-02-2023,,Provision of Personnel Support onboard Ocean Invincible (KSA),23.8859,45.0792
SAExploration Inc-Marine,Provision of Single Beam System and Operators at Kakinada,Not specified,India,Oil & Gas,Asia,Bathymetry Survey,Bathymetry Survey,01-01-2023,,Provision of Single Beam System and Operators at Kakinada,16.9891,82.2475
International Seaport Dredging,Provision of Multibeam System and Operators at Kakinada,Not specified,India,Engineering & Construction,Asia,Bathymetry Survey,Bathymetry Survey,01-01-2023,,Provision of Multibeam System and Operators at Kakinada,16.9891,82.2475
Gujarat Pipavav Port Ltd.,Bathymetric Survey for Maintenance Dredging works at Gujarat Pipavav Port Limited (APM Terminals Pipavav),Not specified,India,"Ports, Shipyards & Harbours",Asia,Bathymetry Survey,Bathymetry Survey,01-01-2023,,Bathymetric Survey for Maintenance Dredging works at Gujarat Pipavav Port Limited (APM Terminals Pipavav),20.9083,71.4556
Lightstorm Telecom Connectivity Private Limited,"Desktop Study including site visits at Mahuva, Daman and Alibaug site",Not specified,India,Telecom Operators & Cable Owners,Asia,Desktop Study for Offshore Projects,Desktop Study for Offshore Projects,01-01-2023,,"Desktop Study including site visits at Mahuva, Daman and Alibaug site",21.1,71.8
SAExploration Inc-Marine,DGPS and GYRO verification for 3 vessels,Not specified,India,Oil & Gas,Asia,Wide Area Positioning Services,Wide Area Positioning Services,01-11-2022,,DGPS and GYRO verification for 3 vessels,19.076,72.8777
DNOCS Limited / OMC Bangladesh,Services for Test / Trial and Training of Multibeam Echo Sounder,Not specified,India,"Ports, Shipyards & Harbours",Asia,Bathymetry Survey,Bathymetry Survey,01-11-2022,,Services for Test / Trial and Training of Multibeam Echo Sounder,19.076,72.8777
Adani Port & Special Economic Zone Ltd.,Mundra Intake Outfall Study,Not specified,India,"Ports, Shipyards & Harbours",Asia,Consultancy for Offshore Projects,Consultancy for Offshore Projects,01-10-2022,,Mundra Intake Outfall Study,22.7754,69.7158
Sati Drugs & Surgicals,"Training for Side Scan Sonar PULSAR at Fire & Emergency Services, Assam, Guwahati",Not specified,India,Industrial & Materials,Asia,Consultancy for Offshore Projects,Consultancy for Offshore Projects,01-08-2022,,"Training for Side Scan Sonar PULSAR at Fire & Emergency Services, Assam, Guwahati",26.1445,91.7362
Petronet LNG,Bathymetry Survey at Dahej,Not specified,India,Oil & Gas,Asia,Bathymetry Survey,Bathymetry Survey,01-07-2022,,Bathymetry Survey at Dahej,21.7,72.6
EGS (Asia) Ltd.,Provision of Survey Personnel Support for Israel Landfall Survey and Reporting,Not specified,Israel,Submarine Cable Contractors,Middle East,Submarine Cable Route Surveys AND Bathymetry Survey,Submarine Cable Route Surveys; Bathymetry Survey,01-07-2022,,Provision of Survey Personnel Support for Israel Landfall Survey and Reporting,31.0461,34.8516
EGS (Asia) Ltd.,Provision of Personnel Support onboard Northern Endeavour,Not specified,Singapore,Submarine Cable Contractors,Asia,Submarine Cable Route Surveys,Submarine Cable Route Surveys,01-07-2022,,Provision of Personnel Support onboard Northern Endeavour,1.3521,103.8198
Atlantis Consultancy / Lightstorm,"Mini DTS at Versova Mumbai, Mandvi, Kochi, Digha, Chennai and Machlipatnam","Versova Mumbai, Mandvi, Kochi, Digha, Chennai, Machlipatnam",India,Telecom Operators & Cable Owners,Asia,Desktop Study for Offshore Projects,Desktop Study for Offshore Projects,01-07-2022,,"Mini DTS at Versova Mumbai, Mandvi, Kochi, Digha, Chennai and Machlipatnam",19.076,72.8777
Atlantis Consultancy/Lightstorm,Not specified,Not specified,India,Telecom Operators & Cable Owners,Asia,Submarine Cable Route Surveys,Submarine Cable Route Surveys,01-06-2022,,Not specified,19.076,72.8777
EGS (Asia) Ltd.,Site visits for SMW6 cable project in India (Mumbai and Chennai),Mumbai and Chennai,India,Submarine Cable Contractors,Asia,Submarine Cable Route Surveys,Submarine Cable Route Surveys,01-03-2022,,Site visits for SMW6 cable project in India (Mumbai and Chennai),19.076,72.8777
Shree Krishna Stevedores Pvt Ltd.,Search Survey of sunken vessel Shree Krishna VIII off Goa,GOA,India,"Marine Salvage, Diving & Shipping",Asia,Geophysical Survey,Geophysical Survey,01-02-2022,,Search Survey of sunken vessel Shree Krishna VIII off Goa,15.2993,73.938
Tata Communications Transformations Services Limited,Selection of Independent Monitoring Agency for Submarine Optical Fibre Cable Project for Kochi Lakshadweep Islands,Not specified,India,Telecom Operators & Cable Owners,Asia,Submarine Cable Route Surveys,Submarine Cable Route Surveys,01-12-2021,,Selection of Independent Monitoring Agency for Submarine Optical Fibre Cable Project for Kochi Lakshadweep Islands,10.56,72.64
EGS Asia Ltd,Support services on vessel Northern Endeavour for IAX/LEX project,Not specified,India,Submarine Cable Contractors,Asia,Submarine Cable Route Surveys,Submarine Cable Route Surveys,01-11-2021,,Support services on vessel Northern Endeavour for IAX/LEX project,19.076,72.8777
Amphibia Consultants Pvt. Ltd.,"Marine Route Survey for Submarine Fibre Optic Cable System Projects, at West Coast and East Coast of India",Not specified,India,Telecom Operators & Cable Owners,Asia,Submarine Cable Route Surveys,Submarine Cable Route Surveys,01-11-2021,,"Marine Route Survey for Submarine Fibre Optic Cable System Projects, at West Coast and East Coast of India",19.076,72.8777
Atlantis Consultants Pvt. Ltd.,Mumbai (Juhu and Versova) site visit for Desktop Study,Not specified,India,Telecom Operators & Cable Owners,Asia,Desktop Study for Offshore Projects,Desktop Study for Offshore Projects,01-11-2021,,Mumbai (Juhu and Versova) site visit for Desktop Study,19.076,72.8777
Petronet LNG Limited (Dahej),Bathymetry Survey at Dahej Topography Work at GCW and Topography & Marine Survey Work at Jafrabad,Dahej,India,Oil & Gas,Asia,Bathymetry Survey,Bathymetry Survey,01-09-2021,,Bathymetry Survey at Dahej Topography Work at GCW and Topography & Marine Survey Work at Jafrabad,21.7,72.6
UltraTech Cement Limited,Bathymetry Survey at Dahej,Jafrabad,India,Industrial & Materials,Asia,Topographic Survey,Topographic Survey,01-09-2021,,Bathymetry Survey at Dahej,20.87,71.37
SARK EPC Projects Pvt. Ltd,Offshore CPL survey on Uran Mandwa pipeline for GAIL Mumbai Project,Mumbai Project,India,Engineering & Construction,Asia,Offshore Platform Site & Pipeline Route Surveys,Offshore Platform Site & Pipeline Route Surveys,01-09-2021,,Offshore CPL survey on Uran Mandwa pipeline for GAIL Mumbai Project,18.85,72.93
The Shipping Corporation of India Limited,Provision of INMARSAT based differential global positioning system for ONGC owned Geotechnical Vessel (GTV) SAMUDRA SARVEKSHAK,Not specified,India,"Government, Defence & Public Sector",Asia,Wide Area Positioning Services,Wide Area Positioning Services,01-08-2021,,Provision of INMARSAT based differential global positioning system for ONGC owned Geotechnical Vessel (GTV) SAMUDRA SARVEKSHAK,19.076,72.8777
EGS (Asia) Ltd.,RAMAN - Site visit in Mumbai,Not specified,India,Submarine Cable Contractors,Asia,Submarine Cable Route Surveys,Submarine Cable Route Surveys,01-08-2021,,RAMAN - Site visit in Mumbai,19.076,72.8777
Zenith Survey (1) Pvt. Ltd.,Geophysical and Bathymetric Survey at Omkareshwar site in Madhya Pradesh,Not specified,India,Survey & Geoscience Contractors,Asia,Geophysical Survey AND Bathymetric Survey,Geophysical Survey; Bathymetry Survey,01-05-2021,,Geophysical and Bathymetric Survey at Omkareshwar site in Madhya Pradesh,22.25,76.15
GeoAcoustics Ltd.,To complete SAT on GeoPulse+ System on NIOT Vessel Sagar Anveshika,Not specified,India,Marine Technology & Equipment,Asia,Submarine Cable Route Surveys,Submarine Cable Route Surveys,01-02-2021,,To complete SAT on GeoPulse+ System on NIOT Vessel Sagar Anveshika,19.076,72.8777
Sapura Engineering & Construction (India) Pvt. Ltd.,Barge Positioning & Survey System (Jamnagar),Not specified,India,Engineering & Construction,Asia,Wide Area Positioning Services,Wide Area Positioning Services,01-12-2020,,Barge Positioning & Survey System (Jamnagar),22.4707,70.0577
Dahej Harbour Infrastructure Limited,"Bathymetric Survey for DHIL Jetty during Pre, Interim and Post Dredging",Not specified,India,"Ports, Shipyards & Harbours",Asia,Bathymetry survey,Bathymetry Survey,01-12-2020,,"Bathymetric Survey for DHIL Jetty during Pre, Interim and Post Dredging",21.7,72.6
Narmada Water Resources,Conducting Bathymetric Survey of Reservoirs of Saurashtra Region under National Hydrology Project,Not specified,India,"Government, Defence & Public Sector",Asia,Bathymetry survey,Bathymetry Survey,01-12-2020,,Conducting Bathymetric Survey of Reservoirs of Saurashtra Region under National Hydrology Project,22.3,70.8
Atlantis Consultancy,Site visit supervision of IAX/IEX - Malaysia,Not specified,Malaysia,Telecom Operators & Cable Owners,Asia,Submarine Cable Route Surveys,Submarine Cable Route Surveys,01-09-2020,,Site visit supervision of IAX/IEX - Malaysia,4.2105,101.9758
Dredging Corporation of India Limited,Provision of Surveyor to act as DCI Rep for ongoing survey works at JNPT,"JNPT, MUMBAI",India,"Government, Defence & Public Sector",Asia,Topographic Survey,Topographic Survey,01-09-2020,,Provision of Surveyor to act as DCI Rep for ongoing survey works at JNPT,18.95,72.95
Atlantis Consultancy,Site visit supervision of IAX/IEX - Mumbai and Chennai,Mumbai and Chennai,India,Telecom Operators & Cable Owners,Asia,Submarine Cable Route Surveys,Submarine Cable Route Surveys,01-09-2020,,Site visit supervision of IAX/IEX - Mumbai and Chennai,19.076,72.8777
Vedanta Limited,Geophysical Survey,Not specified,India,Oil & Gas,Asia,Desktop Study for Offshore Projects,Desktop Study for Offshore Projects,01-09-2020,,Site visit supervision of IAX/IEX -,19.076,72.8777
Petronet LNG Limited (Dahej),Bathymetry Survey at Dahej,"Dahej, Gujarat",India,Oil & Gas,Asia,Bathymetry survey,Bathymetry Survey,01-06-2020,,Bathymetry Survey at Dahej,21.7,72.6
Sapura Engineering & Construction (India) Pvt. Ltd.,"Provision of As built Survey for 42"" Pipeline, 4"" FOC, Bathymetry Survey (including boat) & Topography Survey",Not specified,India,Engineering & Construction,Asia,Bathymetry survey AND Topography Survey,Bathymetry Survey; Topographic Survey,01-02-2020,,"Provision of As built Survey for 42"" Pipeline, 4"" FOC, Bathymetry Survey (including boat) & Topography Survey",19.076,72.8777
NEC Technologies India Pvt. Ltd.,Feasibility study of Mumbai - Hulu Male cable route,Not specified,India,Telecom Operators & Cable Owners,Asia,Submarine Cable Route Surveys,Submarine Cable Route Surveys,01-02-2020,,Feasibility study of Mumbai - Hulu Male cable route,19.076,72.8777
Gujarat Pipavav Port Limited,Pre and Post Dredging Bathymetry survey at APM Terminals Pipavav,Not specified,India,"Ports, Shipyards & Harbours",Asia,Bathymetry survey,Bathymetry Survey,01-02-2020,,Pre and Post Dredging Bathymetry survey at APM Terminals Pipavav,20.9083,71.4556
A to Z AXIM,Bathymetry Survey at Sittwe Port Myanmar,Not specified,Myanmar,Survey & Geoscience Contractors,Asia,Bathymetry survey,Bathymetry Survey,01-02-2020,,Bathymetry Survey at Sittwe Port Myanmar,20.1471,92.8996
EGS (Asia) Ltd.,"Provision of Personnel Support onboard vessel ""Ridley Thomas""",Not specified,India,Submarine Cable Contractors,Asia,Submarine Cable Route Surveys,Submarine Cable Route Surveys,01-02-2020,,"Provision of Personnel Support onboard vessel ""Ridley Thomas""",19.076,72.8777
Bharti Airtel Ltd.,EIG Submarine Cable Survey at Versova,Not specified,India,Telecom Operators & Cable Owners,Asia,Submarine Cable Route Surveys,Submarine Cable Route Surveys,01-02-2020,,EIG Submarine Cable Survey at Versova,19.135,72.815
FCG ANZDEC Limited,Sustainable Coastal Protection & Management Investment Program Tranche 2 - Third-party Inspection / Divine: Under Water photography and video recordings of the progress of Someshwara offshore reef construction works,Not specified,India,Engineering & Construction,Asia,Submarine Cable Route Surveys,Submarine Cable Route Surveys,01-01-2020,,Sustainable Coastal Protection & Management Investment Program Tranche 2 - Third-party Inspection / Divine: Under Water photography and video recordings of the progress of Someshwara offshore reef construction works,12.7933,74.8633
EGS (Asia) Ltd.,"Provision of Personnel Support onboard vessel ""Ridley Thomas""",Not specified,Singapore,Submarine Cable Contractors,Asia,Route Surveys,Submarine Cable Route Surveys,01-01-2020,,"Provision of Personnel Support onboard vessel ""Ridley Thomas""",1.3521,103.8198
New Horizon Surveys India Private Limited,"ADCP Observation at Kashid Site, Maharashtra",Maharashtra,India,Survey & Geoscience Contractors,Asia,Bathymetry survey,Bathymetry Survey,01-01-2020,,"ADCP Observation at Kashid Site, Maharashtra",18.423,72.906
Cairn India Ltd.,Vessel Positioning Services for Ravva Field,Not specified,India,Oil & Gas,Asia,Wide Area Positioning Services,Wide Area Positioning Services,01-01-2020,,Vessel Positioning Services for Ravva Field,16.37,82.33
Gujarat Pipavav Port Limited,Bathymetry survey at APM Terminals Pipavav,Not specified,India,"Ports, Shipyards & Harbours",Asia,Bathymetry survey,Bathymetry Survey,01-12-2019,,Bathymetry survey at APM Terminals Pipavav,20.9083,71.4556
EGS (Asia) Ltd.,"Provision of Personnel Support onboard vessel ""EGS Surveyor""",Not specified,Singapore,Submarine Cable Contractors,Asia,Submarine Cable Route Surveys,Submarine Cable Route Surveys,01-11-2019,,"Provision of Personnel Support onboard vessel ""EGS Surveyor""",1.3521,103.8198
New Horizon Surveys India Private Limited,"Bathymetry survey, Geophysical survey, Metocean Observations and sample collections and analysis at Chhara LNG Terminal",Not specified,India,Survey & Geoscience Contractors,Asia,"Bathymetry survey, Geophysical survey AND GEOTECHNICAL SERVICES",Bathymetry Survey; Geophysical Survey; Geotechnical Services,01-11-2019,,"Bathymetry survey, Geophysical survey, Metocean Observations and sample collections and analysis at Chhara LNG Terminal",20.78,71.04
EGS (Asia) Ltd.,Provision of Personnel Support to carry out landfall survey in Philippines,Philippines,Philippines,Submarine Cable Contractors,Asia,Topographic Survey,Topographic Survey; Submarine Cable Route Surveys,01-10-2019,,Provision of Personnel Support to carry out landfall survey in Philippines,12.8797,121.774
EGS (Asia) Ltd.,"Provision of Personnel Support onboard vessel ""EGS Surveyor""",Not specified,Singapore,Submarine Cable Contractors,Asia,Submarine Cable Route Surveys,Submarine Cable Route Surveys,01-10-2019,,"Provision of Personnel Support onboard vessel ""EGS Surveyor""",1.3521,103.8198
Atlantis Consultancy,DTS of BMH locations in Mumbai and Chennai,Chennai,India,Telecom Operators & Cable Owners,Asia,Desktop Study for Offshore Projects,Desktop Study for Offshore Projects,01-10-2019,,DTS of BMH locations in Mumbai and Chennai,13.0827,80.2707
EGS (Asia) Ltd.,"Provision of Personnel Support onboard vessel ""Northern Endeavour""",Not specified,Singapore,Submarine Cable Contractors,Asia,Submarine Cable Route Surveys,Submarine Cable Route Surveys,01-09-2019,,"Provision of Personnel Support onboard vessel ""Northern Endeavour""",1.3521,103.8198
EGS (Asia) Ltd.,"Provision of Personnel Support onboard vessel ""EGS Surveyor""",Not specified,Singapore,Submarine Cable Contractors,Asia,Submarine Cable Route Surveys,Submarine Cable Route Surveys,01-09-2019,,"Provision of Personnel Support onboard vessel ""EGS Surveyor""",1.3521,103.8198
EGS (Asia) Ltd.,"Geotechnical Investigation, Topographic, Met-ocean observations including baseline data collection for EIA / EMP studies & Geophysical Survey for Construction of new Wharf at ND (Mumbai) and Jetty at Karanja",Not specified,India,Submarine Cable Contractors,Asia,Submarine Cable Route Surveys,Submarine Cable Route Surveys,01-08-2019,,"Geotechnical Investigation, Topographic, Met-ocean observations including baseline data collection for EIA / EMP studies & Geophysical Survey for Construction of new Wharf at ND (Mumbai) and Jetty at Karanja",18.922,72.819
Tata Consulting Engineers Limited.,Topographic Survey AND Geotechnical Investigation,Not specified,India,Engineering & Construction,Asia,Topographic Survey AND Geotechnical Investigation,Topographic Survey; Geotechnical Services,01-07-2019,,Topographic Survey AND Geotechnical Investigation,19.076,72.8777
Adani Cementation Ltd.,"Consultant for conducting Geophysical Survey, Bathymetry Survey and Oceanographic Data Collection and Study for KORI creek during Monsoon and Post Monsoon for 10MTPA Lakhtap Clinkerisation unit",Not specified,India,Engineering & Construction,Asia,"Geophysical Survey, Bathymetry Survey and Oceanographic Data Collection",Geophysical Survey; Bathymetry Survey; Shallow & Deep Water Oceanography,01-07-2019,,"Consultant for conducting Geophysical Survey, Bathymetry Survey and Oceanographic Data Collection and Study for KORI creek during Monsoon and Post Monsoon for 10MTPA Lakhtap Clinkerisation unit",23.6,68.3
EGS (Asia) Ltd.,"Provision of Personnel Support onboard vessel ""Northern Endeavour""",Not specified,Singapore,Submarine Cable Contractors,Asia,Submarine Cable Route Surveys,Submarine Cable Route Surveys,01-07-2019,,"Provision of Personnel Support onboard vessel ""Northern Endeavour""",1.3521,103.8198
EGS (Asia) Ltd.,"Provision of Personnel Support onboard vessel ""EGS Surveyor""",Not specified,Singapore,Submarine Cable Contractors,Asia,Submarine Cable Route Surveys,Submarine Cable Route Surveys,01-07-2019,,"Provision of Personnel Support onboard vessel ""EGS Surveyor""",1.3521,103.8198
Howe Engineering Projects (India) Pvt. Ltd.,"Multi beam bathymetry survey works before monsoon and also after monsoon at Break water location at Vizhinjam, Kerala","Vizhinjam, Kerala",India,Engineering & Construction,Asia,Multi beam bathymetry survey,Bathymetry Survey,01-06-2019,,"Multi beam bathymetry survey works before monsoon and also after monsoon at Break water location at Vizhinjam, Kerala",8.3784,76.9905
EGS (Asia) Ltd.,DTS and Report for TEAS in Mumbai,Mumbai,India,Submarine Cable Contractors,Asia,Desktop Study for Offshore Projects,Desktop Study for Offshore Projects,01-06-2019,,DTS and Report for TEAS in Mumbai,19.076,72.8777
EGS (Asia) Ltd.,"Provision of Personnel Support onboard ""Northern Endeavour"" (Japan)",Not specified,Japan,Submarine Cable Contractors,Asia,Submarine Cable Route Surveys,Submarine Cable Route Surveys,01-05-2019,,"Provision of Personnel Support onboard ""Northern Endeavour"" (Japan)",36.2048,138.2529
Arcadis India Pvt. Ltd.,Offshore Marine Water & Sediment Sampling and Analysis,Not specified,India,Engineering & Construction,Asia,Offshore Platform Site & Pipeline Route Surveys,Offshore Platform Site & Pipeline Route Surveys; Shallow & Deep Water Oceanography,01-04-2019,,Offshore Marine Water & Sediment Sampling and Analysis,19.076,72.8777
Atlantis Consultancy,DTS of BMH location in Chennai,CHENNAI,India,Telecom Operators & Cable Owners,Asia,Desktop Study for Offshore Projects,Desktop Study for Offshore Projects,01-04-2019,,DTS of BMH location in Chennai,13.0827,80.2707
EGS (Asia) Ltd.,provision of Personnel Support onboard Vessel Northern Endeavour,Solomon Island,Solomon Islands,Submarine Cable Contractors,Oceania,Submarine Cable Route Surveys,Submarine Cable Route Surveys,01-01-2019,,provision of Personnel Support onboard Vessel Northern Endeavour,-9.6457,160.1562
Consultants Pvt. Ltd.,project provision of Personnel Support onboard vessel Northern Endeavour Oct - Dec 2CEGS (Asia) Ltd. (Solomon Island),Solomon Island,Solomon Islands,Survey & Geoscience Contractors,Oceania,Submarine Cable Route Surveys,Submarine Cable Route Surveys,01-01-2019,,project provision of Personnel Support onboard vessel Northern Endeavour Oct - Dec 2CEGS (Asia) Ltd. (Solomon Island),-9.6457,160.1562
Kongsberg Maritime India Pvt. Ltd.,"Training on SBP at Paira Port, Pathuakhali, Bangladesh",Bangladesh,Bangladesh,Marine Technology & Equipment,Asia,Consultancy for Offshore Projects,Consultancy for Offshore Projects,01-10-2018,,"Training on SBP at Paira Port, Pathuakhali, Bangladesh",21.95,90.3
EGS (Asia) Ltd.,Provision of Personnel Support onboard vessel RS Shankar (Taiwan),Taiwan,Taiwan,Submarine Cable Contractors,Asia,Submarine Cable Route Surveys and Desktop Study,Submarine Cable Route Surveys; Desktop Study for Offshore Projects,01-10-2018,,provision of Personnel Support onboard vessel RS Shankar (Taiwan),23.6978,120.9605
Sapura Engineering & Construction (India) Pvt. Ltd.,Provision of Personnel Support onboard Vessel Northern Endeavour,Not specified,India,Engineering & Construction,Asia,Topographic Survey,Topographic Survey,01-10-2018,,Provision of Personnel Support onboard Vessel Northern Endeavour,19.076,72.8777
EGS (Asia) Ltd.,Provision of Personnel Support onboard vessel Northern Endeavour (Papua New Guinea),Papua New Guinea,Papua New Guinea,Submarine Cable Contractors,Oceania,Submarine Cable Route Surveys,Submarine Cable Route Surveys,01-09-2018,,Provision of Survey Support for CANI provision of Personnel Support onboard vessel Northern Endeavour (Papua New Guinea),-6.315,143.9555
Elcome Integrated,Training on Qinsy software at KERI Campus,Not specified,India,Marine Technology & Equipment,Asia,Consultancy for Offshore Projects,Consultancy for Offshore Projects,01-09-2018,,Training on Qinsy software at KERI Campus,19.076,72.8777
EGS (Asia) Ltd.,"Provision of Personnel Support - Shore based Geo for data processing, Hong Kong",Hong Kong,Hong Kong,Submarine Cable Contractors,Asia,Submarine Cable Route Surveys and Desktop Study,Submarine Cable Route Surveys; Desktop Study for Offshore Projects,01-09-2018,,"Provision of Personnel Support - Shore based Geo for data processing, Hong Kong",22.3193,114.1694
Mantovani Dharti Pvt. Ltd.,"Side Scan Sonar Survey at Jafrabad, near Rajula, Gujarat","near Rajula, Gujarat",India,Engineering & Construction,Asia,Side Scan Sonar Survey,Geophysical Survey,01-09-2018,,"Side Scan Sonar Survey at Jafrabad, near Rajula, Gujarat",20.87,71.37
EGS (Asia) Ltd.,"Provision of Personnel Support - Shore based Geo for data processing, Hong Kong",Hong Kong,Hong Kong,Submarine Cable Contractors,Asia,Submarine Cable Route Surveys and Desktop Study,Submarine Cable Route Surveys; Desktop Study for Offshore Projects,01-10-2018,,"Provision of Personnel Support - Shore based Geo for data processing, Hong Kong",22.3193,114.1694
EGS (Asia) Ltd.,"Provision of Personnel Support - Shore based Geo for data processing, Hong Kong",Hong Kong,Hong Kong,Submarine Cable Contractors,Asia,Submarine Cable Route Surveys and Desktop Study,Submarine Cable Route Surveys; Desktop Study for Offshore Projects,01-08-2018,,"Provision of Personnel Support - Shore based Geo for data processing, Hong Kong",22.3193,114.1694
EGS (Asia) Ltd.,Provision of Personnel Support onboard vessel EGS Surveyor (Singapore),Singapore,Singapore,Submarine Cable Contractors,Asia,Submarine Cable Route Surveys,Submarine Cable Route Surveys,01-08-2018,,Provision of Personnel Support onboard vessel EGS Surveyor (Singapore),1.3521,103.8198
Adani Infra (India) Limited,Conducting sampling and testing of river water and bed for intake water system of 2x800 MW coal based 'Ultra Supercritical Thermal Power Project',Madhya Pradesh,India,Engineering & Construction,Asia,GEOTECHNICAL SURVEY,Geotechnical Services,01-07-2018,,Conducting sampling and testing of river water and bed for intake water system of 2x800 MW coal based 'Ultra Supercritical Thermal Power Project',22.25,76.15
EGS (Asia) Ltd.,"Provision of Personnel Support - Shore based Geo for data processing, Taiwan",Taiwan,Taiwan,Submarine Cable Contractors,Asia,Submarine Cable Route Surveys and Desktop Study,Submarine Cable Route Surveys; Desktop Study for Offshore Projects,01-06-2018,,"Provision of Personnel Support - Shore based Geo for data processing, Taiwan",23.6978,120.9605
EGS (Asia) Ltd.,Provision of Personnel Support onboard vessel Geo Explorer (Peru),Peru,Peru,Submarine Cable Contractors,South America,Submarine Cable Route Surveys and Desktop Study,Submarine Cable Route Surveys; Desktop Study for Offshore Projects,01-06-2018,,Provision of Personnel Support onboard vessel Geo Explorer (Peru),-9.19,-75.0152
EGS Survey Pty. Ltd. (Australia),Provision of a Surveyor on board MV Solution (Mozambique),Mozambique,Mozambique,Submarine Cable Contractors,Africa,Submarine Cable Route Surveys,Submarine Cable Route Surveys,01-06-2018,,Provision of a Surveyor on board MV Solution (Mozambique),-18.6657,35.5296
EGS (Asia) Ltd.,Provision of Personnel Support onboard vessel Norther Endeavour,Not specified,Singapore,Submarine Cable Contractors,Asia,Submarine Cable Route Surveys,Submarine Cable Route Surveys,01-06-2018,,Provision of Personnel Support onboard vessel Norther Endeavour,1.3521,103.8198
EGS (Asia) Ltd.,Provision of Personnel Support onboard vessel EGS Surveyor,Not specified,Singapore,Submarine Cable Contractors,Asia,Submarine Cable Route Surveys,Submarine Cable Route Surveys,01-05-2018,,Provision of Personnel Support onboard vessel EGS Surveyor,1.3521,103.8198
HPCL - Mittal Pipeline Limited,"Offshore Seabed Engineering Survey off Modhva Coast, Gulf off Kutch","Gulf off Kutch, Gujarat",India,Oil & Gas,Asia,Offshore Platform Site & Pipeline Route Surveys,Offshore Platform Site & Pipeline Route Surveys,01-05-2018,,"Offshore Seabed Engineering Survey off Modhva Coast, Gulf off Kutch",22.86,69.37
EGS (Asia) Ltd.,Provision of Personnel Support onboard vessel Ridley Thomas,Not specified,Singapore,Submarine Cable Contractors,Asia,Submarine Cable Route Surveys,Submarine Cable Route Surveys,01-05-2018,Completed in May 2018,Provision of Personnel Support onboard vessel Ridley Thomas (Completed in May 2018),1.3521,103.8198
Atlantis Consultancy,DTS of two segments Havelock to Long Island and Long Island to Rangat - Andaman,Rangat - Andaman,India,Telecom Operators & Cable Owners,Asia,Desktop Study for Offshore Projects,Desktop Study for Offshore Projects,01-05-2018,,DTS of two segments Havelock to Long Island and Long Island to Rangat - Andaman,11.9761,92.9876
Vizhinjam International Seaport Ltd.,Geophysical Survey works at Vizhinjam,Vizhinjam,India,"Ports, Shipyards & Harbours",Asia,Geophysical Survey,Geophysical Survey,01-05-2018,,Geophysical Survey works at Vizhinjam,8.3784,76.9905
Indomarine Solutions,Bathymetry Survey at Ponnani and Kovalithottam,Ponnani and Kovalithottam,India,Survey & Geoscience Contractors,Asia,Bathymetry Survey,Bathymetry Survey,01-04-2018,,Bathymetry Survey at Ponnani and Kovalithottam,10.7766,75.925
Howe Engineering Projects (India) Pvt. Ltd.,"Observation of wave in the container jetty area during Monsoon 2018 at Vizhinjam Port, Kerala","Vizhinjam Port, Kerala",India,Engineering & Construction,Asia,Not specified,Shallow & Deep Water Oceanography,01-04-2018,,"Observation of wave in the container jetty area during Monsoon 2018 at Vizhinjam Port, Kerala",8.3784,76.9905
Sapura Engineering & Construction (India) Pvt. Ltd.,"Provision of Pre-Engineering, Pre-Installation & As Laid Survey Services – Fifth Oil Berth at Jawahar Dweep Project of MbPT",Not specified,India,Engineering & Construction,Asia,Topographic Survey,Topographic Survey,01-03-2018,,"Provision of Pre-Engineering, Pre-Installation & As Laid Survey Services – Fifth Oil Berth at Jawahar Dweep Project of MbPT",18.96,72.89
Tata Consulting Engineers Limited,"Geotechnical Investigation, Topographic & Geophysical Survey for Consultancy Services for DPR, Tendering & Contracting and PMC for Construction of Dry Dock, Wharves and Associated Facilities (DGNP – Kochi)",Kochi,India,Engineering & Construction,Asia,"Geotechnical Investigation, Topographic & Geophysical Survey for Consultancy Services for DPR and Consultancy for Offshore Projects",Geotechnical Services; Topographic Survey; Geophysical Survey; DPR Preparation for Offshore Industry; Consultancy for Offshore Projects,01-03-2018,,"Geotechnical Investigation, Topographic & Geophysical Survey for Consultancy Services for DPR, Tendering & Contracting and PMC for Construction of Dry Dock, Wharves and Associated Facilities (DGNP – Kochi)",9.9312,76.2673
TechnipFMC Ltd,Geophysical Survey Works for LNG/GAS Development Project,"Colombo, Sri Lanka",Sri Lanka,Oil & Gas,Asia,Geophysical Survey,Geophysical Survey,01-02-2018,,Geophysical Survey Works for LNG/GAS Development Project,6.9271,79.8612
Petronet LNG Limited,Bathymetry Survey at Kochi,Kochi,India,Oil & Gas,Asia,Bathymetry Survey,Bathymetry Survey,01-02-2018,,Bathymetry Survey at Kochi,9.9312,76.2673
Sarathy Geotech & Engineering Services Pvt Ltd,"Geophysical Survey work at Colombo, Sri Lanka","Colombo, Sri Lanka",Sri Lanka,Survey & Geoscience Contractors,Asia,Geophysical Survey,Geophysical Survey,01-02-2018,,"Geophysical Survey work at Colombo, Sri Lanka",6.9271,79.8612
Sanghi Industries Ltd.,Wave and Current Measurement of Sanghi Channel,Not specified,India,Industrial & Materials,Asia,Bathymetry Survey,Bathymetry Survey,01-02-2018,,Wave and Current Measurement of Sanghi Channel,23.48,68.43
Indomarine Solutions,Bathymetry Survey at Kanyakumari for Tamilnadu Maritime Board,Tamilnadu,India,Survey & Geoscience Contractors,Asia,Bathymetry Survey,Bathymetry Survey,01-12-2017,,Bathymetry Survey at Kanyakumari for Tamilnadu Maritime Board,8.0883,77.5385
Telecommunications Consultants India Limited (TCIL),Desktop study Lakshadweep,Not specified,India,Telecom Operators & Cable Owners,Asia,Desktop Study for Offshore Projects,Desktop Study for Offshore Projects,01-12-2017,,Desktop study Lakshadweep,10.5667,72.6167
Tata Consulting Engineers Limited.,"Preparation of a Techno Economic Feasibility Report for Development of Port at Vijaydurg, Maharashtra",Not specified,India,Engineering & Construction,Asia,DPR Preparation for Offshore Industry,DPR Preparation for Offshore Industry,01-12-2017,,"Preparation of a Techno Economic Feasibility Report for Development of Port at Vijaydurg, Maharashtra",16.5599,73.34
Howe Engineering Projects (India) Pvt. Ltd.,Geophysical Survey at Vizhinjam Port,"Tuticorin, Tamilnadu",India,Engineering & Construction,Asia,Bathymetry Survey,Bathymetry Survey,01-12-2017,,Geophysical Survey at Vizhinjam Port,8.7642,78.1348
Indominare Solutions,Bathymetry and Current Meter observation in Tuticorin,"Vizhinjam, Kerala",India,Survey & Geoscience Contractors,Asia,Sub-Bottom Profiling Survey,Geophysical Survey,01-12-2017,,Bathymetry and Current Meter observation in Tuticorin,8.3784,76.9905
Howe Engineering Projects (India) Pvt. Ltd.,"Sub-Bottom Profiling Survey at Thengapattanam for breakwater project at Vizhinjam, Kerala",Not specified,India,Engineering & Construction,Asia,Wide Area Positioning Services,Wide Area Positioning Services,01-12-2017,,"Sub-Bottom Profiling Survey at Thengapattanam for breakwater project at Vizhinjam, Kerala",8.2323,77.1706
Marine Engineering and Trade Services,Positioning Services,"Paradip Port, Odisha",India,Survey & Geoscience Contractors,Asia,Calibration Services,Wide Area Positioning Services,01-12-2017,,Positioning Services,20.2666,86.6666
Sadhav Shipping Ltd.,Calibration Services at Paradip Port,"Zafrabad, Delhi",India,"Marine Salvage, Diving & Shipping",Asia,Geophysical Survey,Geophysical Survey,01-12-2017,,Calibration Services at Paradip Port,28.6667,77.2667
National Marine & Infrastructure India Pvt. Ltd.,Magnetometer Survey at Zafrabad,Not specified,India,Survey & Geoscience Contractors,Asia,Consultancy for Offshore Projects,Consultancy for Offshore Projects,01-12-2017,,Magnetometer Survey at Zafrabad,19.076,72.8777
Elcome Integrated Systems Pvt. Ltd.,Provision of Survey personnel for Qinsy software,"Kutch, Gujarat",India,Marine Technology & Equipment,Asia,Bathymetry Survey,Bathymetry Survey,01-11-2017,,Provision of Survey personnel for Qinsy software,23.7337,69.8597
Adani Cementation Ltd.,"Bathymetry Survey for establishment of jetty and navigation channel for 10 MTPA Clinkerisation Unit at Lakhpat Dist. Kutch, Gujarat","Kukrahati, West Bengal",India,Engineering & Construction,Asia,Geophysical Survey,Geophysical Survey,01-11-2017,,"Bathymetry Survey for establishment of jetty and navigation channel for 10 MTPA Clinkerisation Unit at Lakhpat Dist. Kutch, Gujarat",22.1833,88.0833
H-Energy,"Pre-Engineering Geophysical Survey off Kukrahati, West Bengal","Cuddalore, Tamil Nadu",India,Oil & Gas,Asia,Bathymetry Survey,Bathymetry Survey,01-09-2017,,"Pre-Engineering Geophysical Survey off Kukrahati, West Bengal",11.75,79.7667
Bluefin Marine,Survey at Cuddalore,Not specified,India,Survey & Geoscience Contractors,Asia,Submarine Cable Route Surveys,Submarine Cable Route Surveys,01-09-2017,,Survey at Cuddalore,19.076,72.8777
EGS (Asia) Ltd.,Provision of personnel support on vessel Northern Endeavour,South East Kuwait for UXO Search,Kuwait,Submarine Cable Contractors,Middle East,Gradiometer Surveys for UXO Search,Gradiometer Surveys for UXO Search; Submarine Cable Route Surveys,01-08-2017,Completed in September 2017,Provision of personnel support on vessel Northern Endeavour (Completed in September 2017),29.3759,47.9774
MUSC FZE,Provision of Survey Engineer for the UXO and Underground Detection Works in South East Kuwait Construction Project,Not specified,Kuwait,"Government, Defence & Public Sector",Middle East,Gradiometer Surveys for UXO Search,Gradiometer Surveys for UXO Search,01-08-2017,,Provision of Survey Engineer for the UXO and Underground Detection Works in South East Kuwait Construction Project,29.3759,47.9774
"IIT, Mumbai",Mithi river discharge measurement,Kolkata Port,India,Academia & Research,Asia,GEOTECHNICAL SURVEY,Geotechnical Services,01-07-2017,,Mithi river discharge measurement,22.5726,88.3639
"IIT, Chennai",Carrying out discharge measurement and water sample analysis at Kolkata Port Trust,Tamil Nadu,India,Academia & Research,Asia,Bathymetry Survey,Bathymetry Survey,01-07-2017,,Carrying out discharge measurement and water sample analysis at Kolkata Port Trust,11.1271,78.6569
"IIT, Chennai",Boat for Bathymetry Survey along Devaneri Coast of Tamil Nadu,"Dahej, Gogha and Ullal",India,Academia & Research,Asia,Weather Forecasting Services,Weather Forecasting Services,01-06-2017,,Boat for Bathymetry Survey along Devaneri Coast of Tamil Nadu,21.7,72.6
Dharti Dredging and Infrastructure Ltd.,"Weather Forecasting Services for Dahej, Gogha and Ullal",Not specified,India,Engineering & Construction,Asia,Submarine Cable Route Surveys,Submarine Cable Route Surveys,01-06-2017,,"Weather Forecasting Services for Dahej, Gogha and Ullal",19.076,72.8777
EGS (Asia) Ltd.,Provision of personnel support on vessel Northern Endeavour,Not specified,Singapore,Submarine Cable Contractors,Asia,"Sand Resource, Bathymetry Survey AND Shallow & Deep Water Oceanography",Bathymetry Survey; Shallow & Deep Water Oceanography; Submarine Cable Route Surveys,01-05-2017,Completed in June 2017,Provision of personnel support on vessel Northern Endeavour (Completed in June 2017),1.3521,103.8198
Beach Sanctuary Pte Ltd.,"Sand Resource, Bathymetry, Beach Profiling and Oceanographic Survey","Uran, MUMBAI",India,Other,Asia,Offshore Platform Site & Pipeline Route Surveys,Offshore Platform Site & Pipeline Route Surveys,01-05-2017,,"Sand Resource, Bathymetry, Beach Profiling and Oceanographic Survey",18.8833,72.9333
SARK EPC Projects Pvt. Ltd,Carrying out off shore survey on Uran Mandwa pipeline for GAIL Mumbai Project (Approx 10 Km),Bangladesh,Bangladesh,Engineering & Construction,Asia,Geophysical Surveys,Geophysical Survey,01-05-2017,,Carrying out off shore survey on Uran Mandwa pipeline for GAIL Mumbai Project (Approx 10 Km),23.685,90.3563
Petronet LNG Ltd.,Marine Geophysical Surveys for LNG Terminal at Kutubdia Island (Bangladesh),Gujarat,India,Oil & Gas,Asia,Bathymetry Survey,Bathymetry Survey,01-03-2017,,Marine Geophysical Surveys for LNG Terminal at Kutubdia Island (Bangladesh),22.2587,71.1924
Infinium Solutionz,Bathymetry Survey for Various Ports of Gujarat,"Nemili, Tamil Nadu",India,Survey & Geoscience Contractors,Asia,Geophysical Survey,Geophysical Survey,01-02-2017,,Bathymetry Survey for Various Ports of Gujarat,12.7167,80.1167
Larsen & Toubro,Geophysical Survey at Nemelli,"Jafarabad, Gujarat",India,Engineering & Construction,Asia,Bathymetry Survey,Bathymetry Survey,01-02-2017,,Geophysical Survey at Nemelli,20.87,71.37
National Marine and Infrastructure (I) Pvt. Ltd.,"Multibeam Survey for Swan LNG Port at Jafarabad, Gujarat","Vadinar, GUJARAT",India,Survey & Geoscience Contractors,Asia,Offshore Platform Site & Pipeline Route Surveys,Offshore Platform Site & Pipeline Route Surveys,01-01-2017,,"Multibeam Survey for Swan LNG Port at Jafarabad, Gujarat",22.2833,69.7
Indian Oil Corporation Limited,"Off-Shore Pipeline Survey of 42” dia. pipeline at WRPL, Vadinar",Bangladesh,Bangladesh,Oil & Gas,Asia,Submarine Cable Route Surveys,Submarine Cable Route Surveys,01-01-2017,,"Off-Shore Pipeline Survey of 42” dia. pipeline at WRPL, Vadinar",22.3569,91.7832
EGS (Asia) Limited,"Proposed Submarine Power Cable Survey between Chittagong and Sandwip, Bangladesh","Paradip Port, ODISHA",India,Submarine Cable Contractors,Asia,"Geophysical Survey, Bathymetry Survey and Topographic SURVEY",Geophysical Survey; Bathymetry Survey; Topographic Survey; Submarine Cable Route Surveys,01-01-2017,,"Proposed Submarine Power Cable Survey between Chittagong and Sandwip, Bangladesh",20.2666,86.6666
Howe Engineering Projects (India) Pvt. Ltd.,"Geotechnical Investigation, Topographic, Bathymetric & Geophysical Survey for preparation of Detailed Project Report for an Outer Harbour nearer to the south of existing south breakwater of Paradip Port",Not specified,India,Engineering & Construction,Asia,"Bathymetry Survey, Geophysical Survey and Topography Survey",Bathymetry Survey; Geophysical Survey; Topographic Survey,01-01-2017,,"Geotechnical Investigation, Topographic, Bathymetric & Geophysical Survey for preparation of Detailed Project Report for an Outer Harbour nearer to the south of existing south breakwater of Paradip Port",20.2666,86.6666
National Marine Dredging Company,"Bathymetry, Geophysical and Topography Survey at Swan India Project",Not specified,India,Engineering & Construction,Asia,Submarine Cable Route Surveys,Submarine Cable Route Surveys,01-11-2016,,"Bathymetry, Geophysical and Topography Survey at Swan India Project",19.076,72.8777
EGS (Asia) Ltd.,"Provision of Personnel Support on board vessel ""Voyager""","Mormugao Port, Goa",India,Submarine Cable Contractors,Asia,Bathymetry Survey,Bathymetry Survey; Submarine Cable Route Surveys,01-11-2016,,"Provision of Personnel Support on board vessel ""Voyager""",15.4167,73.8
Arihant Ship Breakers,"Wreck Survey off Mormugao Port, Goa",Not specified,India,"Marine Salvage, Diving & Shipping",Asia,Not specified,Geophysical Survey,01-11-2016,,"Wreck Survey off Mormugao Port, Goa",15.4167,73.8
KPB Consultants Ltd.,Marine Monitoring in Sohar,Sohar,Oman,Engineering & Construction,Middle East,Marine Monitoring Services,Shallow & Deep Water Oceanography,01-10-2016,,Marine Monitoring in Sohar,24.3667,56.7167
Punj Lloyd Ltd.,"Pre-Engineering, Pre-Construction and As Built Survey for Sub Marine Pipeline and Cable from Jawahar Dweep to Pir Pau",Jawahar Dweep to Pir Pau,India,Engineering & Construction,Asia,Submarine Cable Route Surveys,Submarine Cable Route Surveys,01-10-2016,,"Pre-Engineering, Pre-Construction and As Built Survey for Sub Marine Pipeline and Cable from Jawahar Dweep to Pir Pau",18.96,72.89
KPB Consultants Ltd.,Marine Monitoring Services for DDV Survey at New Lusail Island and Channel (Qatar),"New Lusail Island, Qatar",Qatar,Engineering & Construction,Middle East,Marine Monitoring Services,Shallow & Deep Water Oceanography,01-10-2016,,Marine Monitoring Services for DDV Survey at New Lusail Island and Channel (Qatar),25.4,51.5167
Adani Ports & Special Economic Zone Ltd.,Providing Survey Services at Vizhinjam Port,Vizhinjam Port,India,"Ports, Shipyards & Harbours",Asia,Bathymetry Survey,Bathymetry Survey,01-10-2016,,Providing Survey Services at Vizhinjam Port,8.3784,76.9905
Elcome Integrated Systems Pvt. Ltd.,Provision of Survey personnel for Qinsy software,Not specified,India,Marine Technology & Equipment,Asia,Consultancy for Offshore Projects,Consultancy for Offshore Projects,01-10-2016,,Provision of Survey personnel for Qinsy software,19.076,72.8777
Reliance Power Ltd.,"Bathymetry and Geophysical Survey at Kutubdia Island, Bangladesh","Kutubdia Island, Bangladesh",Bangladesh,Power & Renewables,Asia,Bathymetry AND Geophysical Survey,Bathymetry Survey; Geophysical Survey,01-10-2016,,"Bathymetry and Geophysical Survey at Kutubdia Island, Bangladesh",23.685,90.3563
Dharti Dredging and Infrastructure Ltd.,Consulting Services towards Weather forecasting for Kudankulam and Vizhinjam Port,Kudankulam and Vizhinjam Port,India,Engineering & Construction,Asia,Weather Forecasting Services,Weather Forecasting Services,01-10-2016,,Consulting Services towards Weather forecasting for Kudankulam and Vizhinjam Port,8.3784,76.9905
MUSC FZE,Survey Support Services for MUSC UXO Survey off Kuwait,Kuwait,Kuwait,"Government, Defence & Public Sector",Middle East,Gradiometer Surveys for UXO Search,Gradiometer Surveys for UXO Search,01-10-2016,,Survey Support Services for MUSC UXO Survey off Kuwait,29.3759,47.9774
G.R.S. Consultant FZE,UXO Survey data Acquisition and interpretation (UK),United Kingdom,United Kingdom,Survey & Geoscience Contractors,Europe,Gradiometer Surveys for UXO Search,Gradiometer Surveys for UXO Search,01-10-2016,,UXO Survey data Acquisition and interpretation (UK),55.3781,-3.436
KPB Consultants Ltd.,Marine Ecological Studies (KSA),Kingdom of Saudi Arabia,Saudi Arabia,Engineering & Construction,Middle East,Marine Ecological Studies,Shallow & Deep Water Oceanography,01-10-2016,,Marine Ecological Studies (KSA),23.8859,45.0792
MicroStep-MIS FZE,Deployment of Weather Monitoring Buoys off Kuwait,Kuwait,Kuwait,Marine Technology & Equipment,Middle East,Weather Monitoring,Weather Forecasting Services,01-10-2016,,Deployment of Weather Monitoring Buoys off Kuwait,29.3759,47.9774
Standards Environmental & Analytical Laboratories,"Environmental Monitoring for IOCL, Kochi",Kochi,India,Engineering & Construction,Asia,Environmental Monitoring,Shallow & Deep Water Oceanography,01-10-2016,,"Environmental Monitoring for IOCL, Kochi",9.9312,76.2673
"IIT, Bombay",Mithi River Discharge Measurement,Mithi River,India,Academia & Research,Asia,GEOTECHNICAL SURVEY,Geotechnical Services,01-10-2016,,Mithi River Discharge Measurement,19.076,72.8777
Shrikhande Consultants Pvt. Ltd.,"Consultancy Services for undertaking feasibility study for capital dredging at SBW jetty at ND (MB) for Naval Dockyard, Mumbai - Survey Work","Naval Dockyard, Mumbai",India,Engineering & Construction,Asia,Bathymetry Survey,Bathymetry Survey,01-10-2016,,"Consultancy Services for undertaking feasibility study for capital dredging at SBW jetty at ND (MB) for Naval Dockyard, Mumbai - Survey Work",18.922,72.819
Consultants Pvt. Ltd.,"Cochin Port Kochi, Kerala","Cochin Port, Kochi, Kerala",India,Engineering & Construction,Asia,Not specified,Bathymetry Survey,01-04-2016,,"Cochin Port Kochi, Kerala",9.9312,76.2673
Adani Vizhinjam Port Pvt. Ltd.,Shoreline Monitoring - Oceanographic & Bathymetric Data Collection,Not specified,India,"Ports, Shipyards & Harbours",Asia,Shallow & Deep Water Oceanography AND Bathymetry Survey,Shallow & Deep Water Oceanography; Bathymetry Survey,01-02-2016,,Shoreline Monitoring - Oceanographic & Bathymetric Data Collection,8.3784,76.9905
Swiber Offshore Construction Pte. Ltd.,"Side Scan Survey for As-laid 20"" Pipeline from C-24-P1 to TCPP North of Mumbai High, Tapti Oilfield, Off Daman, West Coast of India","Tapti Oilfield, West Coast of India",India,Engineering & Construction,Asia,Offshore Platform Site & Pipeline Route Surveys,Offshore Platform Site & Pipeline Route Surveys,01-02-2016,,"Side Scan Survey for As-laid 20"" Pipeline from C-24-P1 to TCPP North of Mumbai High, Tapti Oilfield, Off Daman, West Coast of India",19.076,72.8777
Infinium Solutions Pvt. Ltd.,Bathymetric Survey at Okha and Porbander Port,"Okha and Porbander Port, Gujarat",India,Survey & Geoscience Contractors,Asia,Bathymetric Survey,Bathymetry Survey,01-02-2016,,Bathymetric Survey at Okha and Porbander Port,21.6417,69.6
"Tecnica T Proyectos, S.A. (TYPSA, Spain)",of detailed project report for development of Colachel port in Tamil,"Colachel port, Tamil Nadu",India,Engineering & Construction,Asia,Consultancy for Offshore Projects,Consultancy for Offshore Projects,01-02-2016,,of detailed project report for development of Colachel port in Tamil,11.75,79.7667
Cairn India Ltd.,Vessel Positioning Services for Ravva Field,Not specified,India,Oil & Gas,Asia,Wide Area Positioning Services,Wide Area Positioning Services,01-01-2016,,Vessel Positioning Services for Ravva Field,16.37,82.33
Dahej Harbour Infrastructure Limited,"Bathymetric Survey of DHIL Jetty at Dahej, Gujarat","DHIL Jetty at Dahej, Gujarat",India,"Ports, Shipyards & Harbours",Asia,Bathymetric Survey,Bathymetry Survey,01-01-2016,,"Bathymetric Survey of DHIL Jetty at Dahej, Gujarat",21.7,72.6
PMC Projects India,"Water Sampling at Vizhinjam, Trivandrum","Vizhinjam, Trivandrum",India,Engineering & Construction,Asia,Geotechnical SERVICES,Geotechnical Services,01-01-2016,,"Water Sampling at Vizhinjam, Trivandrum",8.3784,76.9905
Atlantis Consultancy,Provision of Client Rep on board Cable Route Survey Vessel for AAE 1 Project,Not specified,India,Telecom Operators & Cable Owners,Asia,Submarine Cable Route Surveys,Submarine Cable Route Surveys,01-12-2015,,Provision of Client Rep on board Cable Route Survey Vessel for AAE 1 Project,19.076,72.8777
Atlantis Consultancy,As laid survey for WO-16 to BPB pipeline in Bassein field,"Bassein, Mumbai",India,Telecom Operators & Cable Owners,Asia,Offshore Platform Site & Pipeline Route Surveys,Offshore Platform Site & Pipeline Route Surveys,01-11-2015,,As laid survey for WO-16 to BPB pipeline in Bassein field,19.076,72.8777
Whitmer Offshore Pte. Ltd. / Swiber Offshore Construction Pvt. Ltd.,As laid survey for WO-16 to BPB pipeline in Bassein field,Not specified,India,Engineering & Construction,Asia,Bathymetry Survey,Bathymetry Survey,01-11-2015,,Multibeam Survey of dredge dumping and Channel Survey of 250 line km,19.076,72.8777
Adani Vizhinjam Port Pvt. Ltd.,Multibeam Bathymetric Survey at Vizhinjam,Vizhinjam,India,"Ports, Shipyards & Harbours",Asia,Bathymetry Survey,Bathymetry Survey,01-11-2015,,Multibeam Bathymetric Survey at Vizhinjam,8.3784,76.9905
Adani Vizhinjam Port Pvt. Ltd.,"Vessel Positioning Services for Mangala Refinery Project, Bhogat, Gujarat","Bhogat, Gujarat",India,"Ports, Shipyards & Harbours",Asia,Wide Area Positioning Services,Wide Area Positioning Services,01-10-2015,,"Vessel Positioning Services for Mangala Refinery Project, Bhogat, Gujarat",22.4707,70.0577
Cairn India Limited,"Free Span and CP Survey at HMPL, Mundra, Gujarat","Mundra, Gujarat",India,Oil & Gas,Asia,CP Survey,Cathodic Protection (CP) Survey,01-10-2015,,"Free Span and CP Survey at HMPL, Mundra, Gujarat",22.7754,69.7158
HPCL-Mittal Energy Ltd.,Mithi River Discharge Measurement,Mithi River,India,Oil & Gas,Asia,Bathymetry Survey,Bathymetry Survey,01-10-2015,,Mithi River Discharge Measurement,19.076,72.8777
"IIT, Bombay",Conducting field monitoring programme for data Collection for development of outer harbour in,Not specified,India,Academia & Research,Asia,Not specified,Shallow & Deep Water Oceanography,01-08-2015,,Conducting field monitoring programme for data Collection for development of outer harbour in,19.076,72.8777
Howe Engineering Projects (India) Pvt. Ltd.,Detailed Feasibility Study for Capacity Augmentation of National Waterway-1 & Detailed Engineering for its Ancillary Works and Processes between Haldia to Allahabad (Jal Marg Vikas Project),"Allahabad, Uttar Pradesh",India,Engineering & Construction,Asia,Geophysical Survey,Geophysical Survey,01-08-2015,,Detailed Feasibility Study for Capacity Augmentation of National Waterway-1 & Detailed Engineering for its Ancillary Works and Processes between Haldia to Allahabad (Jal Marg Vikas Project),25.4358,81.8463
EGS (Asia) Ltd.,Provision of personnel support on vessel Northern Endeavour,Not specified,Singapore,Submarine Cable Contractors,Asia,Submarine Cable Route Surveys,Submarine Cable Route Surveys,01-07-2015,,Provision of personnel support on vessel Northern Endeavour,1.3521,103.8198
Amwaj International,"Multibeam Seabed Survey, Sub Bottom Profiling and Collection of Soil Samples at Jaigarh Port","Jaigarh Port, Maharashtra",India,Survey & Geoscience Contractors,Asia,"Multibeam Seabed Survey, Sub Bottom Profiling AND GEOTECHNICAL SURVEY",Bathymetry Survey; Geophysical Survey; Geotechnical Services,01-06-2015,,"Multibeam Seabed Survey, Sub Bottom Profiling and Collection of Soil Samples at Jaigarh Port",17.2936,73.2189
EGS (Asia) Ltd.,Provision of personnel support on vessel EGS Surveyor,Not specified,Singapore,Submarine Cable Contractors,Asia,Submarine Cable Route Surveys,Submarine Cable Route Surveys,01-06-2015,,Provision of personnel support on vessel EGS Surveyor,1.3521,103.8198
Shankar And Co.,Marine Seismic Survey,Not specified,India,Survey & Geoscience Contractors,Asia,Geophysical Survey,Geophysical Survey,01-05-2015,,Marine Seismic Survey,19.076,72.8777
Mumbai Port Trust,Bathymetry and Sub Bottom Profiler Survey at Kanhoji Angre Island,"Kanhoji Angre Island, INDIA",India,"Ports, Shipyards & Harbours",Asia,Bathymetry SURVEY and Sub Bottom Profiler Survey,Bathymetry Survey; Geophysical Survey,01-05-2015,,Bathymetry and Sub Bottom Profiler Survey at Kanhoji Angre Island,18.8417,72.8222
"SOWiL, Navi Mumbai",Marine Survey for MTHL Project,Not specified,India,Engineering & Construction,Asia,Not specified,Bathymetry Survey; Geophysical Survey,01-05-2015,,Marine Survey for MTHL Project,19.033,73.0297
OER Services Ltd. / Swiber Offshore Construction Pvt. Ltd.,"Side Scan System – Post Lay survey of the 8"" pipeline from WO 15 to SL 4",Not specified,India,Engineering & Construction,Asia,Offshore Platform Site & Pipeline Route Surveys,Offshore Platform Site & Pipeline Route Surveys,01-04-2015,,"Side Scan System – Post Lay survey of the 8"" pipeline from WO 15 to SL 4",19.076,72.8777
Jawaharlal Nehru Port Ltd. (JNPT),"Multibeam bathymetry, Sub bottom profiler surveys and Geo technical investigation in Mumbai Harbour Channel and JN Port Channel","Jawaharlal Nehru Port, Maharashtra",India,"Ports, Shipyards & Harbours",Asia,"Bathymetry SURVEY, Geophysical Survey surveys and Geotechnical SURVEYS",Bathymetry Survey; Geophysical Survey; Geotechnical Services,01-04-2015,,"Multibeam bathymetry, Sub bottom profiler surveys and Geo technical investigation in Mumbai Harbour Channel and JN Port Channel",18.95,72.95
Dunnimaa Engineers & Divers Enterprises Pvt. Ltd.,Positioning Services at Mumbai Offshore for Great Ship India Ltd,Mumbai Offshore,India,"Marine Salvage, Diving & Shipping",Asia,Wide Area Positioning Services,Wide Area Positioning Services,01-03-2015,,Positioning Services at Mumbai Offshore for Great Ship India Ltd,19.076,72.8777
Dunnimaa Engineers & Divers Enterprises Pvt. Ltd,Positioning Services at Kakinada for ONGC,"Kakinada, Andhra Pradesh",India,"Marine Salvage, Diving & Shipping",Asia,Wide Area Positioning Services,Wide Area Positioning Services,01-03-2015,,Positioning Services at Kakinada for ONGC,16.9891,82.2475
Reliance Infrastructure Limited,Survey to assess the physical condition of Raw Water Pipeline in 600 M at damage location at Sasan UMPP,"Sasan UMPP, Madhya Pradesh",India,Engineering & Construction,Asia,Offshore Platform Site & Pipeline Route Surveys,Offshore Platform Site & Pipeline Route Surveys,01-02-2015,,Survey to assess the physical condition of Raw Water Pipeline in 600 M at damage location at Sasan UMPP,23.9786,82.6322
Telecommunications Consultants India Limited (TCIL),"Desktop Study (DTS) for connecting Andaman & Nicobar Island with Chennai, India on Submarine Optical Fibre Cable",Andaman & Nicobar Island AND Chennai,India,Telecom Operators & Cable Owners,Asia,Desktop Study for Offshore Projects AND Submarine Cable Route Surveys,Desktop Study for Offshore Projects; Submarine Cable Route Surveys,01-03-2015,,"Desktop Study (DTS) for connecting Andaman & Nicobar Island with Chennai, India on Submarine Optical Fibre Cable",11.9761,92.9876
Jawaharlal Nehru Port Trust,Multibeam Bathymetry and Sub-Bottom Profiler Survey at JNPT and Mumbai Port,"JNPT, Navi Mumbai",India,"Ports, Shipyards & Harbours",Asia,Geophysical Survey,Geophysical Survey; Bathymetry Survey,01-11-2011,Completed in December 2011,Multibeam Bathymetry and Sub-Bottom Profiler Survey at JNPT and Mumbai Port (Completed in December 2011),18.9499,72.9512
HMR Environmental Engineering Consultants,"Site Investigation and studies off Sur, Oman","Sohar, Oman",Oman,Engineering & Construction,Middle East,Bathymetry Survey,Bathymetry Survey,01-09-2011,Completed in December 2011,"Site Investigation and studies off Sur, Oman (Completed in December 2011)",24.3643,56.7462
Jaisu Shipping Company Pvt. Ltd.,Seabed Engineering Survey for Mumbai Port Trust,"Mumbai, Maharashtra",India,"Marine Salvage, Diving & Shipping",Asia,Bathymetry Survey,Bathymetry Survey,01-09-2011,Completed in Sept 2011,Seabed Engineering Survey for Mumbai Port Trust (Completed in Sept 2011),19.076,72.8777
"Reliance Globalcom Ltd., UK",Additional UXO search / Cable Route Survey for Iraq Spur (addendum to Main contract),Iraq,Iraq,Telecom Operators & Cable Owners,Middle East,Gradiometer Surveys for UXO Search,Gradiometer Surveys for UXO Search; Submarine Cable Route Surveys,01-08-2011,Completed in September 2011,Additional UXO search / Cable Route Survey for Iraq Spur (addendum to Main contract) (Completed in September 2011),29.9772,48.4724
"Pipavav Shipyard Ltd., Mumbai","Bathymetry, Oceanographic Survey for Mathematical Modelling","Mumbai, Maharashtra",India,"Ports, Shipyards & Harbours",Asia,Shallow & Deep Water Oceanography,Shallow & Deep Water Oceanography; Bathymetry Survey,01-08-2011,Completed in September 2011,"Bathymetry, Oceanographic Survey for Mathematical Modelling (Completed in September 2011)",19.076,72.8777
TE Subcom / Amphibia Consultants,GBI segment 15 Cable Route Survey,India,India,Telecom Operators & Cable Owners,Asia,Submarine Cable Route Surveys,Submarine Cable Route Surveys,01-03-2011,Completed in June 2011,GBI segment 15 Cable Route Survey (Completed in June 2011),19.076,72.8777
"Varuna Global Services, Navi Mumbai",Seabed Engineering and Oceanographic Surveys for the development of Vijaydurg Port,"Vijaydurg, Maharashtra",India,"Marine Salvage, Diving & Shipping",Asia,Shallow & Deep Water Oceanography,Shallow & Deep Water Oceanography,01-02-2011,Completed in March 2011,Seabed Engineering and Oceanographic Surveys for the development of Vijaydurg Port (Completed in March 2011),16.556,73.3339
"International Seaport Dredging Ltd., Kakinada",Magnetometer Survey,"Kakinada, Andhra Pradesh",India,Engineering & Construction,Asia,Geophysical Survey,Geophysical Survey,01-01-2011,Completed in February 2011,Magnetometer Survey (Completed in February 2011),16.9891,82.2475
"Reliance Globalcom Ltd., UK",CPT Survey off Iraq (addendum to Main contract),Iraq,Iraq,Telecom Operators & Cable Owners,Middle East,Geotechnical Services,Geotechnical Services,01-12-2010,Completed in January 2011,CPT Survey off Iraq (addendum to Main contract) (Completed in January 2011),29.9772,48.4724
"Yak Group, Navi Mumbai","Hydrographic Survey in Narmada River, Bharuch","Mumbai, Maharashtra",India,"Marine Salvage, Diving & Shipping",Asia,Bathymetry Survey,Bathymetry Survey,01-12-2010,Completed in December 2010,"Hydrographic Survey in Narmada River, Bharuch (Completed in December 2010)",19.076,72.8777
"E-marine PJSC, UAE","ROV Search Survey, Mumbai","Mumbai, Maharashtra",India,Submarine Cable Contractors,Asia,Geophysical Survey,Geophysical Survey,01-12-2010,Completed in December 2010,"ROV Search Survey, Mumbai (Completed in December 2010)",19.076,72.8777
"Central Water Commission, New Delhi",Capacity Survey on Dudhwa Reservoir,Dudhwa Reservoir,India,"Government, Defence & Public Sector",Asia,Shallow & Deep Water Oceanography,Shallow & Deep Water Oceanography,01-12-2010,Completed in January 2011,Capacity Survey on Dudhwa Reservoir (Completed in January 2011),22.6,81.0
"Reliance Globalcom Ltd., UK",UXO Data Processing for Cable Route Survey off Iraq (addendum to Main contract),Iraq,Iraq,Telecom Operators & Cable Owners,Middle East,Gradiometer Surveys for UXO Search,Gradiometer Surveys for UXO Search; Submarine Cable Route Surveys,01-12-2010,Completed in January 2011,UXO Data Processing for Cable Route Survey off Iraq (addendum to Main contract) (Completed in January 2011),29.9772,48.4724
"Geo Structurals Ltd., Kochi",Bathymetry and Seismic Survey at proposed port for KSIIDC at Tadri,"Kochi, Kerala",India,Engineering & Construction,Asia,Geophysical Survey,Geophysical Survey; Bathymetry Survey,01-12-2010,Completed in January 2011,Bathymetry and Seismic Survey at proposed port for KSIIDC at Tadri (Completed in January 2011),9.9312,76.2673
"Pipavav Shipyard Ltd, Mumbai",Bathymetry Survey at Pipavav,"Mumbai, Maharashtra",India,"Ports, Shipyards & Harbours",Asia,Bathymetry Survey,Bathymetry Survey,01-12-2010,Completed in December 2010,Bathymetry Survey at Pipavav (Completed in December 2010),19.076,72.8777
"Maritime & Underwater Security Consultants (MUSC), UK",UXO Mitigation Project off Iraq,Iraq,Iraq,"Government, Defence & Public Sector",Middle East,Gradiometer Surveys for UXO Search,Gradiometer Surveys for UXO Search,01-11-2010,Completed in December 2010,UXO Mitigation Project off Iraq (Completed in December 2010),29.9772,48.4724
"MUSC FZE, UAE",Survey Support for UXO Mitigation Project of SOC/MUSC off Iraq,Iraq,Iraq,"Government, Defence & Public Sector",Middle East,Gradiometer Surveys for UXO Search,Gradiometer Surveys for UXO Search; Consultancy for Offshore Projects,01-10-2010,Completed in July 2011,Survey Support for UXO Mitigation Project of SOC/MUSC off Iraq (Completed in July 2011),29.9772,48.4724
"Mumbai Port Trust, Mumbai","Search Survey (Containers, Debris & Other objects)","Mumbai, Maharashtra",India,"Ports, Shipyards & Harbours",Asia,Geophysical Survey,Geophysical Survey,01-08-2010,Completed in August 2010,"Search Survey (Containers, Debris & Other objects) (Completed in August 2010)",19.076,72.8777
"Reliance Globalcom Ltd., UK",UXO search / Cable Route Survey for Iraq Spur,Iraq,Iraq,Telecom Operators & Cable Owners,Middle East,Gradiometer Surveys for UXO Search,Gradiometer Surveys for UXO Search; Submarine Cable Route Surveys,01-08-2010,Completed in October 2010,UXO search / Cable Route Survey for Iraq Spur (Completed in October 2010),29.9772,48.4724
"Smit Salvage, Singapore","Search Survey (Containers, Debris & Other objects) in Mumbai Harbour","Mumbai, Maharashtra",India,"Marine Salvage, Diving & Shipping",Asia,Geophysical Survey,Geophysical Survey,01-08-2010,Completed in September 2010,"Search Survey (Containers, Debris & Other objects) in Mumbai Harbour (Completed in September 2010)",19.076,72.8777
Adani Kandla Bulk Terminal Pvt. Ltd.,Multibeam Survey of dredge dumping and Channel Survey of 250 line km,"Kandla, Gujarat",India,"Ports, Shipyards & Harbours",Asia,Bathymetry Survey,Bathymetry Survey,01-11-2015,Completed in November 2015,Multibeam Survey of dredge dumping and Channel Survey of 250 line km at Kandla (Completed in November 2015),23.0333,70.2167
Atlantis Consultancy,DTS at Versova and KharDanda,"Mumbai, Maharashtra",India,Telecom Operators & Cable Owners,Asia,Desktop Study for Offshore Projects,Desktop Study for Offshore Projects,01-09-2020,Completed in September 2020,DTS at Versova and KharDanda (Completed in September 2020),19.076,72.8777
EGS (Asia) Ltd.,Provision of Personnel Support onboard vessel Ridley Thomas,India,India,Submarine Cable Contractors,Asia,Submarine Cable Route Surveys,Submarine Cable Route Surveys,01-01-2020,Completed in March 2020,Provision of Personnel Support onboard vessel Ridley Thomas (Completed in March 2020),19.076,72.8777
Sapura Engineering & Construction (India) Pvt. Ltd.,Additional Topographic Survey at Pirpau Location,"Mumbai, Maharashtra",India,Engineering & Construction,Asia,Topographic Survey,Topographic Survey,01-10-2018,Completed in October 2018,Additional Topographic Survey at Pirpau Location (Completed in October 2018),19.076,72.8777
EGS (Asia) Ltd.,Provision of Personnel Support on board vessel EGS Surveyor,India,India,Submarine Cable Contractors,Asia,Submarine Cable Route Surveys,Submarine Cable Route Surveys,01-11-2016,Completed in December 2016,Provision of Personnel Support on board vessel EGS Surveyor (Completed in December 2016),19.076,72.8777
Tridel Meteorology Projects Contracting LLC,Provision of Survey Personnel for On-site Services,India,India,Survey & Geoscience Contractors,Asia,Consultancy for Offshore Projects,Consultancy for Offshore Projects,01-04-2016,On call basis,Provision of Survey Personnel for On-site Services (On call basis),19.076,72.8777
EGS (Asia) Ltd,"Landfall survey operation for SMW5 Submarine Fibre Optic Cable Project, Bangladesh",Bangladesh,Bangladesh,Submarine Cable Contractors,Asia,Submarine Cable Route Surveys,Submarine Cable Route Surveys,01-03-2015,Completed in January 2016,"Landfall survey operation for SMW5 Submarine Fibre Optic Cable Project, Bangladesh (Completed in January 2016)",22.2,91.5
Aryas Surveyors and Contractors Pvt. Ltd.,Bathymetry and Topo Survey of Chandil Reservoir under Subernarekha Multipurpose Project (SMP) - Jharkhand,"Chandil, Jharkhand",India,Survey & Geoscience Contractors,Asia,Topographic Survey,Topographic Survey; Shallow & Deep Water Oceanography; Bathymetry Survey,01-02-2015,Completed in March 2015,Bathymetry and Topo Survey of Chandil Reservoir under Subernarekha Multipurpose Project (SMP) - Jharkhand (Completed in March 2015),22.9667,86.05
Vizhinjam International Seaport Limited,Shoreline Monitoring - Oceanographic & Bathymetric Data Collection,"Vizhinjam, Kerala",India,"Ports, Shipyards & Harbours",Asia,Shallow & Deep Water Oceanography,Shallow & Deep Water Oceanography; Bathymetry Survey,01-02-2015,Completed in February 2016,Shoreline Monitoring - Oceanographic & Bathymetric Data Collection (Completed in February 2016),8.3784,76.9905
Mumbai Port Trust,Bathymetry and Sub Bottom Profiling Survey of Areas in the Port of Mumbai,"Mumbai, Maharashtra",India,"Ports, Shipyards & Harbours",Asia,Geophysical Survey,Geophysical Survey; Bathymetry Survey,01-01-2015,Completed in February 2015,Bathymetry and Sub Bottom Profiling Survey of Areas in the Port of Mumbai (Completed in February 2015),19.076,72.8777
EGS (Asia) Ltd,Survey Support services on vessel Northern Endeavour,India,India,Submarine Cable Contractors,Asia,Submarine Cable Route Surveys,Submarine Cable Route Surveys,01-01-2015,Completed in March 2015,Survey Support services on vessel Northern Endeavour (Completed in March 2015),19.076,72.8777
EGS (Asia) Ltd,Survey Support services on vessel Geo Explorer,India,India,Submarine Cable Contractors,Asia,Submarine Cable Route Surveys,Submarine Cable Route Surveys,01-01-2015,Completed in March 2015,Survey Support services on vessel Geo Explorer (Completed in March 2015),19.076,72.8777
Arihant Ship Breakers,Clearance Survey off Candolim Beach at Goa,Goa,India,"Marine Salvage, Diving & Shipping",Asia,Geophysical Survey,Geophysical Survey,01-01-2015,Completed in January 2015,Clearance Survey off Candolim Beach at Goa (Completed in January 2015),15.3838,73.8089
Pipavav Defence and Offshore Engineering Company Ltd.,Site clearance at Pipavav Port,"Pipavav, Gujarat",India,"Ports, Shipyards & Harbours",Asia,Geophysical Survey,Geophysical Survey,01-12-2014,Completed in December 2014,Site clearance at Pipavav Port (Completed in December 2014),20.9083,71.4556
Dahej Harbour Infrastructure Limited,"Bathymetric Survey of DHIL Jetty at Dahej, Gujarat","Dahej, Gujarat",India,"Ports, Shipyards & Harbours",Asia,Bathymetry Survey,Bathymetry Survey,01-12-2014,Completed in December 2014,"Bathymetric Survey of DHIL Jetty at Dahej, Gujarat (Completed in December 2014)",21.7,72.57
EGS (Asia) Ltd.,"BBG (Bay of Bengal Gate) Submarine Cable Route Survey off Colombo and Matara, Sri Lanka",Sri Lanka,Sri Lanka,Submarine Cable Contractors,Asia,Submarine Cable Route Surveys,Submarine Cable Route Surveys,01-12-2014,Completed in January 2015,"BBG (Bay of Bengal Gate) Submarine Cable Route Survey off Colombo and Matara, Sri Lanka (Completed in January 2015)",6.9271,79.8612
Prayati Shipping Pvt. Ltd.,Stage II of Clearance Survey of wreck of M.V. River Princes off Goa Coast,Goa,India,"Marine Salvage, Diving & Shipping",Asia,Geophysical Survey,Geophysical Survey,01-10-2014,Completed in October 2014,Stage II of Clearance Survey of wreck of M.V. River Princes off Goa Coast (Completed in October 2014),15.3838,73.8089
APM Terminal Pipavav,Bathymetric Survey at Gujarat Pipavav Port Limited,"Pipavav, Gujarat",India,"Ports, Shipyards & Harbours",Asia,Bathymetry Survey,Bathymetry Survey,01-10-2014,Completed in October 2014,Bathymetric Survey at Gujarat Pipavav Port Limited (Completed in October 2014),20.9083,71.4556
EGS (Asia) Ltd.,Survey Support Services in Indonesia on vessel EGS Surveyor,Indonesia,Indonesia,Submarine Cable Contractors,Asia,Submarine Cable Route Surveys,Submarine Cable Route Surveys,01-09-2014,Completed November 2014,Survey Support Services in Indonesia on vessel EGS Surveyor (Completed November 2014),-6.2088,106.8456
Maritime & Underwater Security Consultants,"Survey Support Services for Van Oord Dredging UXO Relocation Survey, Kuwait",Kuwait,Kuwait,"Government, Defence & Public Sector",Middle East,Gradiometer Surveys for UXO Search,Gradiometer Surveys for UXO Search; Bathymetry Survey; Consultancy for Offshore Projects,01-09-2014,Completed in October 2014,"Survey Support Services for Van Oord Dredging UXO Relocation Survey, Kuwait (Completed in October 2014)",29.3759,47.9774
Maritime & Underwater Security Consultants,"Survey Support Services for UXO Survey - KNPC, Kuwait",Kuwait,Kuwait,"Government, Defence & Public Sector",Middle East,Gradiometer Surveys for UXO Search,Gradiometer Surveys for UXO Search; Consultancy for Offshore Projects,01-07-2014,Completed in September 2014,"Survey Support Services for UXO Survey - KNPC, Kuwait (Completed in September 2014)",29.3759,47.9774
EGS (Asia) Ltd.,"Survey Support Services at Hanoi, Vietnam","Hanoi, Vietnam",Vietnam,Submarine Cable Contractors,Asia,Submarine Cable Route Surveys,Submarine Cable Route Surveys,01-07-2014,Completed in August 2014,"Survey Support Services at Hanoi, Vietnam (Completed in August 2014)",21.0278,105.8342
Amphibia Consultants Pvt. Ltd.,Survey work for BBG Cable Route Project at Mumbai and Chennai,"Chennai, Tamil Nadu",India,Telecom Operators & Cable Owners,Asia,Submarine Cable Route Surveys,Submarine Cable Route Surveys,01-06-2014,Completed in October 2014,Survey work for BBG Cable Route Project at Mumbai and Chennai (Completed in October 2014),13.0827,80.2707
"Petrolinvest DD, Bosnia",High Priority Survey for Iraq Common Seawater Supply Project,Iraq,Iraq,Oil & Gas,Middle East,Bathymetry Survey,Bathymetry Survey,01-06-2014,Project was awarded but not implemented,High Priority Survey for Iraq Common Seawater Supply Project (Project was awarded but not implemented),29.9772,48.4724
Albatross Marine Services,"Salvage of Anchor in P&V Channel, Mumbai Port","Mumbai, Maharashtra",India,"Marine Salvage, Diving & Shipping",Asia,Geophysical Survey,Geophysical Survey,01-05-2014,Completed in May 2014,"Salvage of Anchor in P&V Channel, Mumbai Port (Completed in May 2014)",19.076,72.8777
EGS (Asia) Ltd.,"Provision of Personnel for Services Provided in Colombo, vessel Northern Endeavour",Sri Lanka,Sri Lanka,Submarine Cable Contractors,Asia,Submarine Cable Route Surveys,Submarine Cable Route Surveys,01-05-2014,Completed in July 2014,"Provision of Personnel for Services Provided in Colombo, vessel Northern Endeavour (Completed in July 2014)",6.9271,79.8612
Angre Port Pvt. Limited,Survey of Dredge Channel using Dual Frequency Echosounder of Multibeam Echosounder,"Jaigad/Angre Port, Maharashtra",India,"Ports, Shipyards & Harbours",Asia,Bathymetry Survey,Bathymetry Survey,01-03-2014,Completed in March 2014,Survey of Dredge Channel using Dual Frequency Echosounder of Multibeam Echosounder (Completed in March 2014),17.2,73.25
Arihant Ship Breakers,"Survey of wreck of MV River Princess, off Candolim, Goa",Goa,India,"Marine Salvage, Diving & Shipping",Asia,Geophysical Survey,Geophysical Survey,01-03-2014,Completed in April 2014,"Survey of wreck of MV River Princess, off Candolim, Goa (Completed in April 2014)",15.3838,73.8089
Resolve Marine Group,UXO Search Survey Near Sunken Submarine for Resolve Marine Group at Naval Dockyard,India,India,"Marine Salvage, Diving & Shipping",Asia,Gradiometer Surveys for UXO Search,Gradiometer Surveys for UXO Search; Geophysical Survey,01-02-2014,Completed in March 2014,UXO Search Survey Near Sunken Submarine for Resolve Marine Group at Naval Dockyard (Completed in March 2014),19.076,72.8777
Maritime & Underwater Security Consultants,Bathymetry Survey off Iraq,Iraq,Iraq,"Government, Defence & Public Sector",Middle East,Bathymetry Survey,Bathymetry Survey,01-02-2014,Completed in February 2014,Bathymetry Survey off Iraq (Completed in February 2014),29.9772,48.4724
Dharti Dredging and Infrastructure Ltd.,Barge Positioning,India,India,Engineering & Construction,Asia,Wide Area Positioning Services,Wide Area Positioning Services,01-01-2014,Completed in April 2014,Barge Positioning (Completed in April 2014),19.076,72.8777
EGS (Asia) Ltd,BBG Submarine Cable Route Survey off Colombo,Sri Lanka,Sri Lanka,Submarine Cable Contractors,Asia,Submarine Cable Route Surveys,Submarine Cable Route Surveys,01-12-2013,Completed in December 2013,BBG Submarine Cable Route Survey off Colombo (Completed in December 2013),6.9271,79.8612
EGS (Asia) Ltd,Provision of Personnel for Services provided in Cebu,Philippines,Philippines,Submarine Cable Contractors,Asia,Submarine Cable Route Surveys,Submarine Cable Route Surveys,01-11-2013,Completed in November 2013,Provision of Personnel for Services provided in Cebu (Completed in November 2013),10.3157,123.8854
Dahej Harbour Infrastructure Limited,Bathymetric Survey of DHIL Jetty,"Dahej, Gujarat",India,"Ports, Shipyards & Harbours",Asia,Bathymetry Survey,Bathymetry Survey,01-11-2013,Completed in November 2013,Bathymetric Survey of DHIL Jetty (Completed in November 2013),21.7,72.57
Dharti Dredging and Infrastructure Ltd.,"Consultancy services for Pinger Survey at Kakinada, Yanam GSPC Project","Kakinada, Andhra Pradesh",India,Engineering & Construction,Asia,Geophysical Survey,Geophysical Survey; Consultancy for Offshore Projects,01-11-2013,Completed in November 2013,"Consultancy services for Pinger Survey at Kakinada, Yanam GSPC Project (Completed in November 2013)",16.9891,82.2475
APM Terminals Pipavav,Multibeam Bathymetric Survey at APM Terminals Pipavav,"Pipavav, Gujarat",India,"Ports, Shipyards & Harbours",Asia,Bathymetry Survey,Bathymetry Survey,01-10-2013,Completed in October 2013,Multibeam Bathymetric Survey at APM Terminals Pipavav (Completed in October 2013),20.9083,71.4556
Reliance Industries Limited,Deep Water Real Time Current Measurement & MetOcean Services,India,India,Oil & Gas,Asia,Shallow & Deep Water Oceanography,Shallow & Deep Water Oceanography,01-07-2013,Completed,Deep Water Real Time Current Measurement & MetOcean Services (Completed),19.076,72.8777
Mumbai Port Trust,Bathymetry Survey at MPT,"Mumbai, Maharashtra",India,"Ports, Shipyards & Harbours",Asia,Bathymetry Survey,Bathymetry Survey,01-07-2013,Completed in July 2013,Bathymetry Survey at MPT (Completed in July 2013),19.076,72.8777
HPCL-Mittal Energy Ltd.,Hydraulic Survey at the SPM location at Mundra,"Mundra, Gujarat",India,Oil & Gas,Asia,Offshore Platform Site & Pipeline Route Surveys,Offshore Platform Site & Pipeline Route Surveys; Shallow & Deep Water Oceanography,01-06-2013,Completed in June 2014,Hydraulic Survey at the SPM location at Mundra (Completed in June 2014),22.8394,69.7219
Engineers India Ltd.,"As-Built Survey of Breakwaters at RGPPL, Dabhol","Dabhol, Maharashtra",India,"Government, Defence & Public Sector",Asia,Offshore Platform Site & Pipeline Route Surveys,Offshore Platform Site & Pipeline Route Surveys,01-05-2013,Completed in May 2013,"As-Built Survey of Breakwaters at RGPPL, Dabhol (Completed in May 2013)",17.5851,73.1802
Maritime & Underwater Security Consultants,Survey Support Services (Provision of professional Personnel and Equipment) for Al Faw Grand Port Project,Iraq,Iraq,"Government, Defence & Public Sector",Middle East,Consultancy for Offshore Projects,Consultancy for Offshore Projects,01-04-2013,Completed in July 2013,Survey Support Services (Provision of professional Personnel and Equipment) for Al Faw Grand Port Project (Completed in July 2013),29.9772,48.4724
EGS Asia Limited,Provision of Personnel for services in Brazil,Brazil,Brazil,Submarine Cable Contractors,South America,Submarine Cable Route Surveys,Submarine Cable Route Surveys,01-04-2013,Completed in April 2013,Provision of Personnel for services in Brazil (Completed in April 2013),-22.9068,-43.1729
Vizhinjam International Seaport Limited,"Current, Wave and Tidal observations (for one year)","Vizhinjam, Kerala",India,"Ports, Shipyards & Harbours",Asia,Shallow & Deep Water Oceanography,Shallow & Deep Water Oceanography,01-01-2013,Completed in February 2014,"Current, Wave and Tidal observations (for one year) (Completed in February 2014)",8.3784,76.9905
APM Terminals Pipavav,Multibeam Bathymetry Survey at Terminal Pipavav Port,"Pipavav, Gujarat",India,"Ports, Shipyards & Harbours",Asia,Bathymetry Survey,Bathymetry Survey,01-11-2012,Completed in December 2012,Multibeam Bathymetry Survey at Terminal Pipavav Port (Completed in December 2012),20.9083,71.4556
Cargo Motors Pvt. Ltd.,Marine Geophysical Survey at Nargol,"Nargol, Gujarat",India,Industrial & Materials,Asia,Geophysical Survey,Geophysical Survey,01-11-2012,Completed in December 2012,Marine Geophysical Survey at Nargol (Completed in December 2012),20.2333,72.75
Dharti Dredging and Infrastructure Ltd.,Pipeline Trench Survey and Soil and Water Sampling at Yanam,"Kakinada, Andhra Pradesh",India,Engineering & Construction,Asia,Offshore Platform Site & Pipeline Route Surveys,Offshore Platform Site & Pipeline Route Surveys; Shallow & Deep Water Oceanography,01-10-2012,Completed in October 2012,Pipeline Trench Survey and Soil and Water Sampling at Yanam (Completed in October 2012),16.9891,82.2475
Boskalis Dredging India Pvt. Ltd.,Multibeam Survey in JNPT and MBPT Channel,"JNPT, Navi Mumbai",India,Engineering & Construction,Asia,Bathymetry Survey,Bathymetry Survey,01-09-2012,Completed in September 2012,Multibeam Survey in JNPT and MBPT Channel (Completed in September 2012),18.9499,72.9512
Hiranandani Gas Company Pvt. Ltd.,Desk Top Study and Bathymetry Survey,"South Pars, Iran",Iran,Oil & Gas,Middle East,Desktop Study for Offshore Projects,Desktop Study for Offshore Projects; Bathymetry Survey,01-07-2012,Completed in October 2012,Desk Top Study and Bathymetry Survey (Completed in October 2012),26.5,52.0
"Indian Oil Corporation Ltd., Jamnagar",Free Span Survey of 12 inch Dia AHPL across Narmada River crossing,"Jamnagar, Gujarat",India,Oil & Gas,Asia,Cathodic Protection (CP) Survey,Cathodic Protection (CP) Survey,01-06-2012,Completed in June 2012,Free Span Survey of 12 inch Dia AHPL across Narmada River crossing (Completed in June 2012),22.4707,70.0577
Dharti Dredging and Infrastructure Ltd.,Post back fill survey of trenched IOCL pipeline at Paradip,"Paradip, Odisha",India,Engineering & Construction,Asia,Offshore Platform Site & Pipeline Route Surveys,Offshore Platform Site & Pipeline Route Surveys,01-06-2012,Completed in June 2012,Post back fill survey of trenched IOCL pipeline at Paradip (Completed in June 2012),20.2648,86.6947
Sealord Diving & Salvage Pvt. Ltd.,Container Search Survey at JNPT,"JNPT, Navi Mumbai",India,"Marine Salvage, Diving & Shipping",Asia,Geophysical Survey,Geophysical Survey,01-05-2012,Completed in May 2012,Container Search Survey at JNPT (Completed in May 2012),18.9499,72.9512
Senes Consultants India Pvt. Ltd.,"Marine Water Sampling off Jakhau, Gujarat","Jakhau, Gujarat",India,Engineering & Construction,Asia,Shallow & Deep Water Oceanography,Shallow & Deep Water Oceanography,01-05-2012,Completed in May 2012,"Marine Water Sampling off Jakhau, Gujarat (Completed in May 2012)",23.2167,68.7167
WAPCOS Ltd.,Bathymetry and Sub-bottom profiling survey at Navabandar Fisheries Harbour,"Navabandar, Gujarat",India,"Government, Defence & Public Sector",Asia,Geophysical Survey,Geophysical Survey; Bathymetry Survey,01-04-2012,Completed in April 2012,Bathymetry and Sub-bottom profiling survey at Navabandar Fisheries Harbour (Completed in April 2012),20.9,71.5
Suzlon Energy Ltd.,Seabed Engineering and Oceanographic Investigations off Navlakhi,"Navlakhi, Gujarat",India,Power & Renewables,Asia,Shallow & Deep Water Oceanography,Shallow & Deep Water Oceanography,01-03-2012,Completed in April 2012,Seabed Engineering and Oceanographic Investigations off Navlakhi (Completed in April 2012),22.956,70.4525
"Indian Oil Corporation Ltd., Jamnagar","Offshore Pipeline Survey at WRPL, Vadinar","Vadinar, Gujarat",India,Oil & Gas,Asia,Offshore Platform Site & Pipeline Route Surveys,Offshore Platform Site & Pipeline Route Surveys,01-03-2012,Completed in April 2012,"Offshore Pipeline Survey at WRPL, Vadinar (Completed in April 2012)",22.4886,69.7047
Aqua Echo-Tech Industries,Bathymetry Survey in Angul (Orissa),"Angul, Odisha",India,Industrial & Materials,Asia,Bathymetry Survey,Bathymetry Survey,01-01-2012,Completed in January 2012,Bathymetry Survey in Angul (Orissa) (Completed in January 2012),20.84,85.1018
Timblo Shipyards,Bathymetry Survey in Dabhol,"Dabhol, Maharashtra",India,"Ports, Shipyards & Harbours",Asia,Bathymetry Survey,Bathymetry Survey,01-01-2012,Completed in January 2012,Bathymetry Survey in Dabhol (Completed in January 2012),17.5851,73.1802
"Godrej Industries Ltd., Mumbai","Multibeam Bathymetry Survey for development of Marina, off Chowpatty, Mumbai covering an area of 10sq.km","Mumbai, Maharashtra",India,Industrial & Materials,Asia,Bathymetry Survey,Bathymetry Survey,01-04-2010,Completed in May 2010,"Multibeam Bathymetry Survey for development of Marina, off Chowpatty, Mumbai covering an area of 10sq.km (Completed in May 2010)",19.076,72.8777
"WesternGeco, Navi Mumbai","Scouting Survey (DGPS) off Porbunder, West Coast of India covering an area of 40sq.km","Mumbai, Maharashtra",India,Oil & Gas,Asia,Wide Area Positioning Services,Wide Area Positioning Services,01-04-2010,Completed in May 2010,"Scouting Survey (DGPS) off Porbunder, West Coast of India covering an area of 40sq.km (Completed in May 2010)",19.076,72.8777
"WesternGeco, Navi Mumbai","Stake Net Scouting Survey (DGPS) off Pipavav, West Coast of India covering an area of 50sq.km","Mumbai, Maharashtra",India,Oil & Gas,Asia,Wide Area Positioning Services,Wide Area Positioning Services,01-11-2009,Completed in March 2010,"Stake Net Scouting Survey (DGPS) off Pipavav, West Coast of India covering an area of 50sq.km (Completed in March 2010)",19.076,72.8777
"Dunnimaa Divers, Navi Mumbai",DGPS positioning survey for MHN- H Pipeline and Modification Project,"Mumbai, Maharashtra",India,"Marine Salvage, Diving & Shipping",Asia,Offshore Platform Site & Pipeline Route Surveys,Offshore Platform Site & Pipeline Route Surveys; Wide Area Positioning Services,01-11-2009,Completed in January 2010,DGPS positioning survey for MHN- H Pipeline and Modification Project (Completed in January 2010),19.076,72.8777
"Dunnimaa Divers, Navi Mumbai",DGPS Positioning survey for BBBLRP Phase II,"Mumbai, Maharashtra",India,"Marine Salvage, Diving & Shipping",Asia,Wide Area Positioning Services,Wide Area Positioning Services,01-11-2009,Completed in January 2010,DGPS Positioning survey for BBBLRP Phase II (Completed in January 2010),19.076,72.8777
"SSS Electricals India Pvt. Ltd., Mumbai",CP survey of Bay Pipeline of ONGC,"Mumbai, Maharashtra",India,Engineering & Construction,Asia,Cathodic Protection (CP) Survey,Cathodic Protection (CP) Survey; Offshore Platform Site & Pipeline Route Surveys,01-10-2009,Completed in November 2009,CP survey of Bay Pipeline of ONGC (Completed in November 2009),19.076,72.8777
M/s. Bharti Airtel,"Cable Route Survey off Mumbai(EIG & I-ME-WE) using Single & Multibeam Echo sounder, DGPS, Side Scan Sonar &...","Mumbai, Maharashtra",India,Telecom Operators & Cable Owners,Asia,Submarine Cable Route Surveys,Submarine Cable Route Surveys; Wide Area Positioning Services; Geophysical Survey,01-09-2009,Completed in October 2009,"Cable Route Survey off Mumbai(EIG & I-ME-WE) using Single & Multibeam Echo sounder, DGPS, Side Scan Sonar & Sub- bottom Profiler covering an area of 1500sq.km (Completed in October 2009)",19.076,72.8777
"South Oil Company Iraq / MUSC, UK","Survey in Iraqi Waters (Persian Gulf) using Multibeam Echo sounder, DGPS, Side Scan Sonar, Sub-bottom Profi...",Iraq,Iraq,"Government, Defence & Public Sector",Middle East,Wide Area Positioning Services,Wide Area Positioning Services; Geophysical Survey; Bathymetry Survey,01-02-2009,Completed in October 2009,"Survey in Iraqi Waters (Persian Gulf) using Multibeam Echo sounder, DGPS, Side Scan Sonar, Sub-bottom Profiler, Gradiometer covering an area of 170sq.km (Completed in October 2009)",29.9772,48.4724
Mangalore Refinery & Petrochemicals Ltd. / Consulting Engg. Services,"Bathymetry, Geophysical & Oceanographic Survey for SPM facilities off Mangalore Coast covering an area of 2...",India,India,Oil & Gas,Asia,Offshore Platform Site & Pipeline Route Surveys,Offshore Platform Site & Pipeline Route Surveys; Shallow & Deep Water Oceanography; Geophysical Survey,01-02-2009,Completed in March 2009,"Bathymetry, Geophysical & Oceanographic Survey for SPM facilities off Mangalore Coast covering an area of 20sq.km (Completed in March 2009)",19.076,72.8777
"Good Earth Maritime Ltd., Chennai",Bathymetric Survey in Kori Creek covering an area of 70sq.km,"Chennai, Tamil Nadu",India,"Marine Salvage, Diving & Shipping",Asia,Bathymetry Survey,Bathymetry Survey,01-02-2009,Completed in March 2009,Bathymetric Survey in Kori Creek covering an area of 70sq.km (Completed in March 2009),13.0827,80.2707
"WesternGeco, Navi Mumbai",Bathymetry Survey off Kakinada covering an area of 70sq.km,"Kakinada, Andhra Pradesh",India,Oil & Gas,Asia,Bathymetry Survey,Bathymetry Survey,01-02-2009,Completed in March 2009,Bathymetry Survey off Kakinada covering an area of 70sq.km (Completed in March 2009),16.9891,82.2475
"Adani Power Dahej (Ltd), Ahmedabad",Current Monitoring in Narmada river Dahej,"Dahej, Gujarat",India,Power & Renewables,Asia,Shallow & Deep Water Oceanography,Shallow & Deep Water Oceanography,01-01-2009,Completed in January 2009,Current Monitoring in Narmada river Dahej (Completed in January 2009),21.7,72.57
EGS(Asia)/Tyco,Desk Top Study at Fujairah/Kalba for EIG cable system,"Fujairah, UAE",UAE,Telecom Operators & Cable Owners,Middle East,Submarine Cable Route Surveys,Submarine Cable Route Surveys; Desktop Study for Offshore Projects,01-12-2008,Completed in December 2008,Desk Top Study at Fujairah/Kalba for EIG cable system (Completed in December 2008),25.1288,56.3265
"Punj Lloyd Ltd, Mumbai","As-laid pipeline crossing Survey for Heera Redevelopment Project using Echo sounder, DGPS, Side Scan Sonar,...",Mumbai High Offshore,India,Engineering & Construction,Asia,Offshore Platform Site & Pipeline Route Surveys,Offshore Platform Site & Pipeline Route Surveys; Wide Area Positioning Services; Geophysical Survey,01-12-2008,Completed in January 2009,"As-laid pipeline crossing Survey for Heera Redevelopment Project using Echo sounder, DGPS, Side Scan Sonar, Sub-bottom Profiler covering an area of 60sq.km (Completed in January 2009)",19.3,71.3
Airtel/TATA,Bathymetric and Geophysical Cable Route Survey off Mumbai(EIG/I- ME-WE),"Mumbai, Maharashtra",India,Telecom Operators & Cable Owners,Asia,Submarine Cable Route Surveys,Submarine Cable Route Surveys; Geophysical Survey; Bathymetry Survey,01-10-2008,Completed in January 2009,Bathymetric and Geophysical Cable Route Survey off Mumbai(EIG/I- ME-WE) (Completed in January 2009),19.076,72.8777
"Punj Lloyd Ltd, Mumbai",Weather Forecast Services,"Mumbai, Maharashtra",India,Engineering & Construction,Asia,Weather Forecasting Services,Weather Forecasting Services,01-09-2008,Completed in December 2008,Weather Forecast Services (Completed in December 2008),19.076,72.8777
E-Marine UAE,Cable Route Survey off Abu Dhabi,"Abu Dhabi, UAE",UAE,Submarine Cable Contractors,Middle East,Submarine Cable Route Surveys,Submarine Cable Route Surveys,01-09-2008,Completed in September 2008,Cable Route Survey off Abu Dhabi (Completed in September 2008),24.4539,54.3773
E-Marine UAE,DGPS Positioning of Cable laying,UAE,UAE,Submarine Cable Contractors,Middle East,Submarine Cable Route Surveys,Submarine Cable Route Surveys; Wide Area Positioning Services,01-08-2008,Completed in September 2008,DGPS Positioning of Cable laying (Completed in September 2008),25.2048,55.2708
"Du, Dubai",Desk Top Study for Cable Landing in Fujairah for EIG cable system,"Fujairah, UAE",UAE,Telecom Operators & Cable Owners,Middle East,Submarine Cable Route Surveys,Submarine Cable Route Surveys; Desktop Study for Offshore Projects,01-08-2008,Completed in August 2008,Desk Top Study for Cable Landing in Fujairah for EIG cable system (Completed in August 2008),25.1288,56.3265
"Good Earth Shipbuilding Pvt. Ltd., Chennai","Bathymetric Survey off Porto Novo, Cuddalore","Cuddalore, Tamil Nadu",India,"Ports, Shipyards & Harbours",Asia,Bathymetry Survey,Bathymetry Survey,01-07-2008,Completed in July 2008.,"Bathymetric Survey off Porto Novo, Cuddalore (Completed in July 2008.)",11.748,79.7714
"E-marine, UAE",Cable Route Survey off Abu Dhabi,"Abu Dhabi, UAE",UAE,Submarine Cable Contractors,Middle East,Submarine Cable Route Surveys,Submarine Cable Route Surveys,01-06-2008,Completed in June 2008,Cable Route Survey off Abu Dhabi (Completed in June 2008),24.4539,54.3773
"Leighton, Jamnagar","Pre-Construction Survey For Bina Refinery Project using Multibeam Echo sounder, DGPS, Side Scan Sonar, Sub-...","Vadinar, Gujarat",India,Engineering & Construction,Asia,Wide Area Positioning Services,Wide Area Positioning Services; Geophysical Survey; Bathymetry Survey,01-06-2008,Completed in June 2008,"Pre-Construction Survey For Bina Refinery Project using Multibeam Echo sounder, DGPS, Side Scan Sonar, Sub-bottom Profiler (Completed in June 2008)",22.4886,69.7047
E-Marine UAE,Pre-recovery cable route survey off Mumbai for M/s. Tata Communications Ltd.,"Mumbai, Maharashtra",India,Submarine Cable Contractors,Asia,Submarine Cable Route Surveys,Submarine Cable Route Surveys,01-05-2008,Completed in May 2008,Pre-recovery cable route survey off Mumbai for M/s. Tata Communications Ltd. (Completed in May 2008),19.076,72.8777
"Essar Oil Ltd, Salaya",Bathymetric and Geo-physical survey at Salaya inner channel along the navigational channel northward to Sal...,"Salaya, Gujarat",India,Oil & Gas,Asia,Bathymetry Survey,Bathymetry Survey,01-04-2008,Completed in April 2008,Bathymetric and Geo-physical survey at Salaya inner channel along the navigational channel northward to Salaya outer channel in Gulf of Kachch (Completed in April 2008),22.3116,69.6031
Mundra Port Special Economic Zone,"Bathymetric, Geophysical and Seismic Survey","Mundra, Gujarat",India,"Ports, Shipyards & Harbours",Asia,Geophysical Survey,Geophysical Survey; Bathymetry Survey,01-04-2008,Completed in April 2008,"Bathymetric, Geophysical and Seismic Survey (Completed in April 2008)",22.8394,69.7219
Western Geco International,Bathymetry and Scouting Survey at Vessel M V Emma,India,India,Oil & Gas,Asia,Wide Area Positioning Services,Wide Area Positioning Services; Bathymetry Survey,01-03-2008,Completed in April 2008,Bathymetry and Scouting Survey at Vessel M V Emma (Completed in April 2008),19.076,72.8777
Geostar Surveys,Multibeam Bathymetry survey at Ravva Field,"Kakinada, Andhra Pradesh",India,Survey & Geoscience Contractors,Asia,Bathymetry Survey,Bathymetry Survey,01-03-2008,Completed,Multibeam Bathymetry survey at Ravva Field (Completed),16.9891,82.2475
Prince Marine Transport Services Pvt Ltd,Bathymetric and Dredging Survey(volume calculation) at Jaigarh Port,"Jaigarh, Maharashtra",India,"Marine Salvage, Diving & Shipping",Asia,Bathymetry Survey,Bathymetry Survey,01-12-2007,Completed,Bathymetric and Dredging Survey(volume calculation) at Jaigarh Port (Completed),17.2932,73.2221
"Guru Gobind Singh Refineries Ltd., New Delhi","Bathymetric, Geophysical survey, Oceanographic Investigations and Marine Geotechnical Investigations off Mu...","Mundra, Gujarat",India,Oil & Gas,Asia,Geotechnical Services,Geotechnical Services; Shallow & Deep Water Oceanography; Geophysical Survey,01-11-2007,Completed in March 2008,"Bathymetric, Geophysical survey, Oceanographic Investigations and Marine Geotechnical Investigations off Mundra for Punjab Refinery Project. (Completed in March 2008)",22.8394,69.7219
"E-Marine, UAE",Cable route survey for Taweelah – Ghurab – Shahama FO Link off Persian Gulf,"Abu Dhabi, UAE",UAE,Submarine Cable Contractors,Middle East,Submarine Cable Route Surveys,Submarine Cable Route Surveys,01-11-2007,Completed in March 2008,Cable route survey for Taweelah – Ghurab – Shahama FO Link off Persian Gulf (Completed in March 2008),24.7592,54.7267
"Tamil Nadu Water Investment Company Ltd., Chennai","Carrying out bathymetry survey and current observations off Thane creek, West Coast of India.","Chennai, Tamil Nadu",India,"Government, Defence & Public Sector",Asia,Shallow & Deep Water Oceanography,Shallow & Deep Water Oceanography; Bathymetry Survey,01-11-2007,Completed in January 2008,"Carrying out bathymetry survey and current observations off Thane creek, West Coast of India. (Completed in January 2008)",13.0827,80.2707
"E-Marine, UAE",Provided services of Surveyors to carry out cable route surveys for QG-2 Project off Persian Gulf.,UAE,UAE,Submarine Cable Contractors,Middle East,Submarine Cable Route Surveys,Submarine Cable Route Surveys; Consultancy for Offshore Projects,01-11-2007,Completed in March 2008,Provided services of Surveyors to carry out cable route surveys for QG-2 Project off Persian Gulf. (Completed in March 2008),25.2048,55.2708
EGS (Asia) Ltd.,"Provided services of surveyors, engineer and data processors to EGS (Asia) Ltd. for various survey activiti...",Singapore,Singapore,Submarine Cable Contractors,Asia,Submarine Cable Route Surveys,Submarine Cable Route Surveys,01-09-2007,Completed in November 2007,"Provided services of surveyors, engineer and data processors to EGS (Asia) Ltd. for various survey activities off Philippines, Singapore and Indonesia on board their various vessels. (Completed in November 2007)",1.3521,103.8198
"E-Marine, UAE","Carried out 960 km long Cable route surveys in Persian Gulf using Multibeam Echo sounder, DGPS, Side Scan S...",UAE,UAE,Submarine Cable Contractors,Middle East,Submarine Cable Route Surveys,Submarine Cable Route Surveys; Wide Area Positioning Services; Geophysical Survey,01-09-2007,Completed in October 2007,"Carried out 960 km long Cable route surveys in Persian Gulf using Multibeam Echo sounder, DGPS, Side Scan Sonar, Sub-bottom Profiler (Completed in October 2007)",25.2048,55.2708
Shri Krishna Enterprises / Mumbai Port Trust,Bathymetric and Side Scan Sonar surveys at Mumbai Port Trust for locating lost object at Mumbai Port.,"Mumbai, Maharashtra",India,"Ports, Shipyards & Harbours",Asia,Geophysical Survey,Geophysical Survey; Bathymetry Survey,01-08-2007,Completed in August 2007,Bathymetric and Side Scan Sonar surveys at Mumbai Port Trust for locating lost object at Mumbai Port. (Completed in August 2007),19.076,72.8777
"Good Earth Ship Building Pvt. Ltd., Chennai","Carried out Bathymetry survey at Porto Nova, Tamil Nadu","Cuddalore, Tamil Nadu",India,"Ports, Shipyards & Harbours",Asia,Bathymetry Survey,Bathymetry Survey,01-06-2007,Completed in July 2007,"Carried out Bathymetry survey at Porto Nova, Tamil Nadu (Completed in July 2007)",11.748,79.7714
EGS Kazakhstan,Provisioning of technical personnel for MetOcean project,Kazakhstan (Caspian),Kazakhstan,Submarine Cable Contractors,Asia,Submarine Cable Route Surveys,Submarine Cable Route Surveys; Shallow & Deep Water Oceanography,01-06-2007,Completed in July 2009.,Provisioning of technical personnel for MetOcean project (Completed in July 2009.),43.65,51.16
EGS (Asia) Ltd.,Provisioning of personnel for cable route survey project,India,India,Submarine Cable Contractors,Asia,Submarine Cable Route Surveys,Submarine Cable Route Surveys; Consultancy for Offshore Projects,01-05-2007,Completed in July 2007,Provisioning of personnel for cable route survey project (Completed in July 2007),19.076,72.8777
Dunimmaa Divers & Engineers,DGPS Positioning services for IOCL,India,India,"Marine Salvage, Diving & Shipping",Asia,Wide Area Positioning Services,Wide Area Positioning Services,01-05-2007,Completed in,DGPS Positioning services for IOCL (Completed in),19.076,72.8777
EGS (Asia) Ltd.,Desk Top Study for the MTL project in West Coast of India,India,India,Submarine Cable Contractors,Asia,Desktop Study for Offshore Projects,Desktop Study for Offshore Projects,01-04-2007,Completed in April 2007,Desk Top Study for the MTL project in West Coast of India (Completed in April 2007),19.076,72.8777
"Oil & Natural Gas Corporation Ltd., Mumbai","Bathymetric, Geophysical and Oceanographic survey for Acquiring additional data for covering of exposure of...","Mumbai, Maharashtra",India,Oil & Gas,Asia,Offshore Platform Site & Pipeline Route Surveys,Offshore Platform Site & Pipeline Route Surveys; Shallow & Deep Water Oceanography; Geophysical Survey,01-04-2007,Completed in November 2007,"Bathymetric, Geophysical and Oceanographic survey for Acquiring additional data for covering of exposure of 36” SBHT pipeline across Mindola River, Gujarat, West Coast of India (Completed in November 2007)",19.076,72.8777
EGS (Asia) Ltd.,Provisioning of personnel on board R.V. Ridley Thomas in Australia / USA,Australia,Australia,Submarine Cable Contractors,Oceania,Submarine Cable Route Surveys,Submarine Cable Route Surveys,01-03-2007,Completed in July 2007,Provisioning of personnel on board R.V. Ridley Thomas in Australia / USA (Completed in July 2007),-31.9505,115.8605
"Dolphin Offshore Enterprises India Ltd.,","Bathymetry survey at Nhava jetty, West Coast of India","JNPT, Navi Mumbai",India,Oil & Gas,Asia,Bathymetry Survey,Bathymetry Survey,01-03-2007,Completed in March 2007,"Bathymetry survey at Nhava jetty, West Coast of India (Completed in March 2007)",18.9499,72.9512
Punj Lloyd Ltd. / ONGC,"Pre-Engineering Geophysical surveys, Pre-Engineering Platform Survey by divers, Pre-Construction Anchor Cle...",Mumbai High Offshore,India,Oil & Gas,Asia,Cathodic Protection (CP) Survey,Cathodic Protection (CP) Survey; Offshore Platform Site & Pipeline Route Surveys; Geophysical Survey,01-03-2007,Completed in December 2007.,"Pre-Engineering Geophysical surveys, Pre-Engineering Platform Survey by divers, Pre-Construction Anchor Clearance Survey, Pre- Construction Riser Survey, Post- Construction / As Built Survey and Cathodic Protection (CP) Survey for Heera Re-Development Project of ONGC in West Coast of India. (Completed in December 2007.)",19.3,71.3
DBM Geotechnics & Constructions Pvt. Ltd.,"Bathymetry surveys at Jaffrabad, Gujarat, West Coast of India","Jafrabad, Gujarat",India,Engineering & Construction,Asia,Bathymetry Survey,Bathymetry Survey,01-03-2007,Completed in March 2007,"Bathymetry surveys at Jaffrabad, Gujarat, West Coast of India (Completed in March 2007)",20.87,71.37
Iranian Oil & Engineering Construction Company (IOEC),"Bathymetric, Geophysical / Engineering survey for Phase 17 and 18 in North Persian Gulf using Multibeam Ech...",Persian Gulf,UAE,Oil & Gas,Middle East,Geophysical Survey,Geophysical Survey; Bathymetry Survey,01-12-2006,Completed in February 2007.,"Bathymetric, Geophysical / Engineering survey for Phase 17 and 18 in North Persian Gulf using Multibeam Echo sounder. (Completed in February 2007.)",26.5,52.5
Iranian Oil & Engineering Construction Company (IOEC),"Bathymetric, Geophysical / Engineering survey for Phase 15 and 16 in North Persian Gulf using Multibeam Ech...",Persian Gulf,UAE,Oil & Gas,Middle East,Geophysical Survey,Geophysical Survey; Bathymetry Survey,01-12-2006,Completed in February 2007.,"Bathymetric, Geophysical / Engineering survey for Phase 15 and 16 in North Persian Gulf using Multibeam Echo sounder. (Completed in February 2007.)",26.5,52.5
"Horizon Survey Company FZC, UAE.","Provided survey personnel and equipment for Geophysical / Engineering survey in Jamnagar, Gujarat, West Coa...","Jamnagar, Gujarat",India,Survey & Geoscience Contractors,Asia,Geophysical Survey,Geophysical Survey; Consultancy for Offshore Projects,01-11-2006,Completed in February 2007.,"Provided survey personnel and equipment for Geophysical / Engineering survey in Jamnagar, Gujarat, West Coast of India (Completed in February 2007.)",22.4707,70.0577
"Western Geco International Pvt. Ltd.,","Carried out Scouting Surveys off Mukta field, West Coast of India.",Mumbai High Offshore,India,Oil & Gas,Asia,Wide Area Positioning Services,Wide Area Positioning Services,01-10-2006,Completed in May 2007,"Carried out Scouting Surveys off Mukta field, West Coast of India. (Completed in May 2007)",19.3,71.3
EGS (Asia) Ltd.,"Cable route survey off Trivandrum, West Coast of India for FLAG/Alcatel","Vizhinjam, Kerala",India,Submarine Cable Contractors,Asia,Submarine Cable Route Surveys,Submarine Cable Route Surveys,01-09-2006,Completed in October 2006,"Cable route survey off Trivandrum, West Coast of India for FLAG/Alcatel (Completed in October 2006)",8.3784,76.9905
National Iranian Oil Company / Iranian Offshore Engineering & Construction Company.,Geophysical / Engineering survey of pipeline route in South Pars field (Persian Gulf),Persian Gulf,UAE,Oil & Gas,Middle East,Offshore Platform Site & Pipeline Route Surveys,Offshore Platform Site & Pipeline Route Surveys; Geophysical Survey,01-08-2006,Completed in September 2006,Geophysical / Engineering survey of pipeline route in South Pars field (Persian Gulf) (Completed in September 2006),26.5,52.5
EGS (Asia) Ltd.,Cable route survey project off Sudan for FLAG/Alcatel,Port Sudan,Sudan,Submarine Cable Contractors,Africa,Submarine Cable Route Surveys,Submarine Cable Route Surveys,01-08-2006,Completed in August 2006,Cable route survey project off Sudan for FLAG/Alcatel (Completed in August 2006),19.6158,37.2164
EGS (Asia) Ltd.,"Cable route survey off Trivandrum, West Coast of India for FLAG/Alcatel","Vizhinjam, Kerala",India,Submarine Cable Contractors,Asia,Submarine Cable Route Surveys,Submarine Cable Route Surveys,01-06-2006,Completed in July 2006,"Cable route survey off Trivandrum, West Coast of India for FLAG/Alcatel (Completed in July 2006)",8.3784,76.9905
EGS (Asia) Ltd.,"Cable route survey from Male to Hulumale, Hulumale to Trivandrum, Cha Bahar to Iran, Cha Bahar to BU, Sudan...","Vizhinjam, Kerala",India,Submarine Cable Contractors,Asia,Submarine Cable Route Surveys,Submarine Cable Route Surveys,01-05-2006,Completed in May 2006,"Cable route survey from Male to Hulumale, Hulumale to Trivandrum, Cha Bahar to Iran, Cha Bahar to BU, Sudan Port to BU for FLAG/Alcatel. (Completed in May 2006)",8.3784,76.9905
VJM Resorts Pvt. Ltd.7(UB Group),"Hydrographic, Geophysical and Oceanographic surveys off Lakshadweep islands.",Lakshadweep Islands,India,Other,Asia,Shallow & Deep Water Oceanography,Shallow & Deep Water Oceanography; Geophysical Survey; Bathymetry Survey,01-04-2006,Project completed in April 2006,"Hydrographic, Geophysical and Oceanographic surveys off Lakshadweep islands. (Project completed in April 2006)",10.5667,72.6417
EGS (Asia) Ltd.,Cable route survey from Tuticorin to Sri Lanka for BSNL off South Coast of India,"Tuticorin, Tamil Nadu",India,Submarine Cable Contractors,Asia,Submarine Cable Route Surveys,Submarine Cable Route Surveys,01-03-2006,Project completed in March 2006,Cable route survey from Tuticorin to Sri Lanka for BSNL off South Coast of India (Project completed in March 2006),8.7642,78.1348
Amphibia Consultants Pvt. Ltd.,Provision of Survey Support for CANI project,Chennai - Andaman & Nicobar,India,Telecom Operators & Cable Owners,Asia,Submarine Cable Route Surveys,Submarine Cable Route Surveys,01-01-2019,Completed April 2019,Provision of Survey Support for CANI (Chennai - Andaman & Nicobar Islands) submarine cable project (Completed April 2019),13.0827,80.2707
